신고위치,신고횟수
월성동시온장로교회부근,2278
대천동월배E마트부근,2060
월성동 1861 부근,2050
감삼동대우월드마크부근,1645
이곡동 1245 부근,1505
용산동 230-5 부근,1439
감삼동힐스테이트,1279
이곡동국민은행부근,1158
이곡동 이곡동로 32 부근,1112
월성동 조암로 17 부근,1005
이곡동 1221 부근 횡단보도,963
용산동 장산남로 30 부근,959
두류동 야외음악당로39길,923
두류네거리부근,900
대천동대천성당부근,844
월성네거리부근,826
본리동 1150 부근,821
두류동광장코아건너편,794
신당동 달구벌대로 1095,790
감삼동서남시장부근,701
서부지법앞네거리,682
본동코아루뒤편,659
감삼동 와룡로 169 부근,635
진천동 월배로 71 부근,618
새마을금고월성지점,609
감삼대우월드마크충전소,602
한양수자인어린이공원앞,601
상인동롯데리아부근,591
감삼동 453-6 부근,581
죽전스카이빌리브,567
용산동향군회관앞부근,530
유천동 582 부근 횡단보도,518
모다아울렛교차로,509
대곡동 화암로71길 11 부,508
월성동 611-2 부근,492
도원동 도원로 45 부근,447
유천동계룡리슈빌부근,445
이곡동 1221 부근 인도,431
두류빌리브파크뷰,429
성당태왕아너스3,425
이곡동 1203 부근 인도,415
진천동 진천로 77 부근,414
이곡동성서경찰서부근,398
월성동원더풀스파부근,390
신당동계대농협부근,385
진천동 월배로 75 부근,383
장기동코오롱하늘채,382
이곡동 이곡공원로 54 부,381
본리동우체국,379
죽전네거리다이소,369
유천동 월배로 51 부근,369
용산동용화사부근,360
유천동 118-4 부근,359
월성동 조암로 41 부근,358
용산동와룡변전소부근,357
용산초등학교부근,339
이곡동 1219 부근 횡단보도,335
대곡동 1041 부근,331
감삼동 달구벌대로304길,315
도원네거리,314
상인동 상인서로 3 부근,303
용산동성서홈플러스입구,300
월성동 조암남로 10 부근,299
두류동 1298 부근,296
한양수자인104동앞,288
이곡동 1219 부근 소화전,286
본리동 1208-6 부근,276
용산동 장산남로 33 부근,271
호산동동산병원부근,263
월성동 1882 부근 횡단보도,262
성서네거리부근,261
본리동 75-1 부근 황색실선,260
스타벅스감삼점부근,256
이곡동 1203 부근 교차로모퉁이,252
장기동달서SK뷰,250
송현동 구마로52길 21 부,249
이곡동 1199 부근 횡단보도,248
장기동 810-2 부근,245
본동 1150-33 부근,240
상인동현대동방상가부근,238
이곡동 성서로 400 부근,236
성당동 750-1 부근,233
본리동 110-7 부근,230
장기동 1-15 부근,228
용산동 용산로 259 부근,226
이곡동 1249 부근 횡단보도,222
이곡동최정유치원,221
도원동농협대곡지점부근,220
성당동남부초등학교부근,215
대곡동 화암로71길 19 부,215
용산동서부지법앞네거리,211
도원동 763-3 부근,209
용산동농협하나로마트,207
감삼코아루더리브삼거리,202
장기동 762 부근 인도,195
용산동 대구은행,193
이곡동 1203 부근 횡단보도,191
상인동매화공원부근,191
죽전동 338-2 부근,189
상인동 월배로39길 26 부,187
두류동 663 부근,187
감삼동 달구벌대로 1665,186
용산동 달구벌대로 1467,185
감삼동 와룡로33길 15 부,185
본리동 대명천로 120 부,184
본동빌리브클라쎄뒤편,183
호림동모다맥도날드부근,182
이곡동 1251 부근 인도,181
상인홈플러스부근,178
대곡동대곡공원 부근,176
두류동 1290-1 부근 횡단보도,175
두류동 달구벌대로344길,175
상인동 산 80-2 부근,174
상인동 상인서로 51 부근,172
도원동 758-2 부근,170
송현동 78-3 부근 교차로모퉁이,167
호림동모다아울렛교차로,165
감삼동 달구벌대로 1530,163
감삼동 357 부근 인도,160
본리동 110-5 부근,159
두류동 산 326-20 부근,158
성서홈플주차장,157
해링턴더베스트교차로,156
본리동 184-8 부근,156
도원초등학교부근,153
도원동 한실로 117 부근,150
이곡동 1226 부근 횡단보도,149
두류동 1290-1 부근 인도,148
도원동 1462-4 부근,148
본리동 대명천로 153 부,145
이곡동 1190 부근 소화전,145
이곡동 1219 부근 교차로모퉁이,142
용산동 970 부근 소화전,141
파호동삼성명가부근,141
이곡동 이곡동로 24 부근,135
두류동신흥초등학교부근,135
이곡동 1199 부근 인도,135
월성동갈비만부근,134
감삼동 305 부근 인도,133
상인동 월배로 280 부근,133
본리동 장기로 189 부근,131
월성동 1899 부근 어린이보호구역,129
감삼동 103-3 부근,129
용산동 장산1길 36 부근,129
감삼코아루더리브출입로,129
감삼동 436-6 부근,128
상인동 상화로 235 부근,127
이곡동 1324 부근 횡단보도,126
두산위브더제니스101동앞,126
이곡동 1221 부근 교차로모퉁이,126
용산동 230-5 부근 인도,126
장기동 용산로12길 60 부,125
상인동 월곡로 268-10 부,124
이곡동 1223 부근 횡단보도,123
본리동 1220 부근 소화전,123
해링턴더베스트출입구,121
신당초등학교부근,120
장기동 한들로 17 부근,120
상인동 1551-2 교차로모퉁이,120
월성동 1287-12 부근,119
송현동 구마로52길 46 부,119
대천동 조암남로27길 30,118
대곡동제일풍경채 부근,118
두류동 618-15 부근,118
감삼동 360 부근 교차로모퉁이,117
이곡동성서이마트부근,116
두류동 1338 부근 인도,114
장기동 810-2 부근 횡단보도,114
본리동 당산로 39 부근,112
호림동모다여성관부근,112
유천동용천초등학교부근,112
용산동 선원남로 151 부,112
두류동 1290-1 부근,112
유천동 582 부근,111
이곡동 1249 부근 인도,111
신당동신서초등학교부근,111
이곡동 1357 부근 횡단보도,108
호산동 392 부근 횡단보도,108
이곡동 1251 부근 횡단보도,108
월성동 조암로 1 부근,108
본리동 장기로 167 부근,106
진천동 290-16 부근 인도,106
두산위브더제니스정문,106
두류동 1184-44 부근 교차로모퉁이,106
감삼동 와룡로33길 23 부,105
성당레미안네거리,104
이곡동 1257 부근 소화전,103
본동 619 부근 인도,103
도원동노전초등학교부근,101
호산동 721 부근,101
이곡동 1319 부근 횡단보도,101
두류동 597-6 부근,101
도원동유공약국부근,100
두류동 1294 부근 횡단보도,100
감삼동 453-6 부근 횡단보도,100
송현동농협송현역부근,98
월성동 산 25 부근,97
본리동 당산로 17 부근,97
감삼동대구은행죽전점부,96
한샘공원부근,96
본리동 1-3 부근 소화전,96
상인동 818 부근,95
본리동 75-1 부근 소화전,95
장기동 813-6 부근,94
본리동 76-2 부근 황색복선,94
장기동 836-4 부근,94
송현동삼일병원네거리,93
이곡동 이곡동로 60 부근,93
이곡동 1221 부근 횡단보도정지선,93
본리동 1196 부근 인도,92
용산동 936 부근 소화전,92
성당태왕아너스2,91
신당동와룡시장부근,90
죽전동 270-28 부근 소화전,90
본리동 127-5 부근,89
죽전네거리부근,89
장기동 762 부근,89
감삼동 당산로 205-12 부,88
두류동 1338 부근 횡단보도,88
두류동 135-2 부근 인도,88
상인동 상화북로 195 부,88
감삼동 476 부근,87
모다아울렛다이나핏,87
용산동성지초등학교후문,86
상인동자이앞네거리,86
본동 구마로 52 부근,86
죽전동동화아이위시부근,86
이곡동 달구벌대로251안,86
상인동푸르지오정문,85
상인동 1551-2 부근,85
두류동 493-7 부근 횡단보도,84
송현동 월배로 412,84
호산동 721 부근 횡단보도,84
본리동 1150 부근 인도,84
본리동 373-1 부근 인도,84
죽전빌리브메트로뷰,84
성당동 장기로 115 부근,83
진천동 603 부근 횡단보도,82
두류동 1298 부근 횡단보도,81
이곡동 1344 부근 인도,81
이곡동 1220-8 부근 횡단보도,81
장기초등학교부근,81
도원동 1396-46 부근,80
상인동 상인서로 8-6 부,80
월성동 월곡로94길 30 부,79
본리동 76-4 부근 횡단보도,79
상인동 상화북로 179 부,78
이곡동 1344 부근 횡단보도,77
용산동 962 부근 횡단보도,77
호산동 392 부근 인도,77
월성동 41-8 부근,77
두류동 1290-1 부근 교차로모퉁이,77
도원동 한실로 29 부근,76
송현동 64-11 부근 교차로모퉁이,76
이곡동 1223 부근 인도,76
이곡동 1324 부근 소화전,76
유천동 118-4 부근 횡단보도,76
장기동 813-5 부근,75
호산동 392 부근 소화전,75
한샘초등학교부근,75
대곡동 비슬로 2718 부근,74
진천동 808-9,74
본리동 1152 부근 인도,74
감삼동 용산로24길 48 부,74
본리동 1196 부근 횡단보도,73
용산동선원초등학교부근,73
본리동 75-1 부근 황색복선,73
용산동 용산로 181 부근,72
두류동 496-10 부근 황색실선,72
월성동 1847 부근 횡단보도,71
성당동 장기로 80 부근,70
장기동협성휴포레부근,69
신당동 서당로7길 58,69
상인네거리,68
본동 225-8 부근 인도,67
이곡동 538-5 부근,67
장기동 812-1 부근 인도,67
용산동 959 부근 인도,67
현대해상,67
상인동 월배로 232 부근,66
죽전동 204-1 부근 교차로모퉁이,66
월성동감천초등학교부근,66
본동 와룡로4안길 40-6,66
송현동 월배로 311,66
월성동 상원로 143 부근,65
감삼동 455-8 부근 횡단보도,65
진천동 808-9 부근,65
이곡동 성서동로 355-20,65
대천동삼정포레스트부근,63
대천동한샘공원부근,63
용산동 978 부근,63
본리두산위브정문,62
장기동 산 10-1 부근,62
감삼동 436-6 부근 소화전,61
이곡동 1326 부근 횡단보도,61
이곡동조달청부근,61
용산동 용산큰못길 45-8,61
장기동 12-16 부근 인도,61
본동 와룡로9길 59 부근,60
상인동동심어린이집부근,60
감삼동 461 부근 안전지대,60
송현동 78-3 부근,60
본리두산위브101동앞,60
도원동 1462-3 부근 교차로모퉁이,59
상인동 52-2 부근,59
본동코아루앞,59
호산동 721 부근 인도,59
송현동대남초등학교부근,59
호산동 357-83 부근,59
용산동 494 부근,58
본동 1150-33 부근 인도,58
송현동 산 77-8 부근,58
죽전동 277-5 부근 교차로모퉁이,58
이곡동 1249 부근 횡단보도정지선,58
두류동 1294 부근 교차로모퉁이,58
이곡동 1226 부근 버스정류소,57
달서구 하나은행죽전지점,57
성당동 520-20 부근,57
도원동 1462-3 부근 횡단보도,57
용산동 230-20 부근 인도,57
성당동 장기로 127 부근,57
성당동 장기로 52 부근,56
본리동 1151 부근,56
용산동 962 부근 소화전,56
도원동 1462-9 부근 횡단보도,56
도원동 1463-5 부근 횡단보도,56
대곡동 1140 부근,56
두류동 달구벌대로 1760,56
본리동 75-1 부근 횡단보도,56
이곡동 1249 부근 교차로모퉁이,55
진천동 595-18 부근,54
이곡동성서우체국부근,54
송현동 1035-4 부근 교차로모퉁이,54
월성동 1882 부근 인도,54
이곡동 1201 부근 소화전,53
대천동 성서4차첨단로 3,53
파호동 94 부근,53
용산동 958 부근,52
죽전동 338 부근 인도,52
월성동CGV,52
성당동 155-1,52
달서구 가톨릭정형외과 앞,52
송현동 2035 부근,51
신당동 1721 부근 소화전,51
송현동 1927-5 부근 인도,51
죽전동 339 부근 교차로모퉁이,51
월성동 1847 부근 교차로모퉁이,51
본리동 1150 부근 횡단보도,50
송현동 앞산순환로 289,50
본리동 1151 부근 인도,50
월성동 559-2 부근,50
죽전동 339 부근 황색실선,50
죽전동 339 부근 횡단보도,50
진천동 월배로 63 부근,50
이곡동 1221 부근,50
진천동 545-1 부근,49
파호동 성서공단북로3길,49
도원동 도원로 36 부근,49
용산동 915 부근,49
대곡동 화암로 301 부근,49
두류동 달구벌대로 1665,48
성서초등학교부근,48
감삼동 305 부근 횡단보도,48
이곡동 1319 부근,48
송현동 월배로 311 부근,48
두류동 484-20 부근,48
상인동상인역8번출구부근,48
두류동 야외음악당로 17,47
월성동 학산로 65 부근,47
상인동 상화북로 190 부,47
용산동 963 부근 횡단보도,47
감삼동 436-6 부근 인도,47
용산동 맥도날드,47
상인동 1528-3 부근,46
두류동 1338 부근,46
감삼동 453-6 부근 교차로모퉁이,46
상인동 상인서로 39 부근,46
한양수자인107동앞,46
본리동 88-4 부근,45
성당동 221-3 부근 버스정류소,45
상인동 상인서로 76 부근,45
성당동 장기로 64-1 부근,45
본리동 대명천로 204 부,45
이곡동 1203 부근 교차로 모퉁이,44
용산동 420 부근 횡단보도,44
월성동 1813 부근 횡단보도,44
감삼동 305 부근 버스정류소,44
이곡동 653-9 부근,43
감삼동 455-15 부근 횡단보도,43
상인동 송현로7길 20 부,43
진천네거리부근,43
장기동 12-16 부근 횡단보도,43
이곡동 1219 부근 인도,43
송현동 295-94 부근 횡단보도,43
성당동 829 부근 인도,43
죽전동 60 부근 소화전,43
진천동 839 부근 횡단보도,43
상인동 상화로 253 부근,42
감삼동 456-6 부근 교차로모퉁이,42
송현동 산 167-1 부근,42
장기동 용산로 113 부근,42
상인동 150-16 대각주차,42
이곡동 이곡동로 8 부근,42
본리동 장기로 145 부근,41
성당동서부정류장부근,41
본동 구마로 104 부근,41
도원동 1462 부근 인도,41
감삼동 305 부근 소화전,41
용산동 230-20 부근,41
유천동 323 부근 인도,41
송현동 2018 부근,41
성당두산위브부근,41
신당동 1815 부근 이중주차,40
본리동 657-3 부근 교차로모퉁이,40
두류동 493-7 부근 교차로모퉁이,40
본리동 대명천로 239 부,40
신당동 1789 부근,39
대곡동 70-1 부근,39
용산동용산자이,39
상인동 1551-2 버스정류소,39
용산동 902-1 부근 교차로모퉁이,39
도원동 1462 부근,39
두류동 489-1 부근 횡단보도,38
죽전동 339 부근,38
진천동 월배로 107,38
신당동 1723-17 부근 횡단보도,38
두류동 1298-1 부근 횡단보도 정지선,38
죽전동 204-1 부근 횡단보도,38
성당동 야외음악당로 87,38
파호동삼성명가 정문부근,38
이곡동 1219 부근 교차로 모퉁이,38
이곡동 1305 부근 인도,38
감삼동 달구벌대로 1637,38
도원동 1462 부근 횡단보도,38
용산동 807 부근 교차로모퉁이,37
진천동 월배로 92,37
두류동 2346 부근 횡단보도 정지선,37
감삼동 360 부근 인도,37
본리동 용산로4안길 27,37
본동 770-2 부근,37
송현동 월배로 471 부근,37
호림동모다다이나핏,37
본리동 1220 부근 인도,37
두류동 581 부근 횡단보도,37
본동 와룡로 19 부근,37
월성동시온장로교회,37
신당동 1789,37
죽전동 338-2 부근 소화전,36
중리동 산 198-2 부근,36
이곡동 1199 부근 교차로모퉁이,36
성당동 53-1 부근 횡단보도,36
도원동대곡초등학교,36
상인동 1527 교차로모퉁이,36
감삼동 496 부근 횡단보도,36
송현동 구마로 246,36
이곡동 1326 부근,36
두류동 496-10 부근 횡단보도,36
이곡동 1222-4 부근 횡단보도,36
용산동 420 부근 버스정류소,36
본리동 376-2 부근 교차로모퉁이,36
두류동 825-26 부근 어린이보호구역,36
도원동교대부설초교부근,36
상인동 1528-4 교차로모퉁이,35
용산동 461 부근,35
죽전동 400 부근 소화전,35
본리동 당산로 7 부근,35
이곡동국민연금네거리부,35
이곡동 1029-4 부근 소화전,35
장기동 762 부근 횡단보도,35
용산동 911 부근 소화전,35
상인동 1551-1 부근,35
죽전동 338 부근,35
본리동 와룡로15길 86 부,34
송현동 월배로 412 부근,34
상인동 1594-1 부근,34
본동 와룡로2길 5 부근,34
도원동 도원로 25 부근,34
도원동 1427 부근,34
장기동 651-1 부근,34
대천동 진천로 101 부근,34
용산동 230-5 부근 교차로모퉁이,33
장기동 한들로 70 부근,33
상인동 1527-4 교차로모퉁이,33
도원동 1396-295 부근,33
감삼동 595-3 부근 인도,33
용산동 230-5 부근 횡단보도,33
두류동 547 부근 횡단보도,33
진천동 월서로 51 부근,33
죽전동 338-2 부근 인도,33
상인동 1551-2 횡단보도,33
두류동 1252-61 부근 교차로모퉁이,33
장기동 810-2 부근 횡단보도 정지선,33
감삼동 65-2 부근 인도,33
성당동 829-8 부근 교차로모퉁이,32
본리동 640-1 부근,32
월암동 1125 부근,32
용산동 929 부근 소화전,32
월성동 283-1 부근 소화전,32
용산동 970 부근 교차로모퉁이,32
이곡동와룡초등학교부근,32
이곡동 이곡서로 21 부근,32
진천동 월배로 131 부근,32
대천동 520-3 부근 인도,32
성당동 804-7 부근 인도,32
도원동 1463-5 부근 소화전,32
이곡동 1203 부근,32
두류동 2346 부근 횡단보도,31
두류동 1298-1 부근 횡단보도,31
성당동 459-5 부근 횡단보도,31
호산동파호초등학교부근(,31
이곡동 1193 부근 인도,31
대천동 진천로23길 33 부,31
신당동 1737 부근 인도,31
성당동 64 부근 인도,31
유천동 621 부근 안전지대,31
본리동 127-1 부근,31
용산동 968 부근,31
본리동성당초등학교부근,31
두류동 807-65 부근 횡단보도,31
대천동 1034 부근,31
월성동 1847 부근,31
KB국민은행상인역부근,31
본리동 2-7 부근 인도,31
송현동 1943 부근 인도,31
장동 문화회관10길 36-7,31
유천동진천AK아파트정문,31
감삼동 461 부근 횡단보도,30
진천동 월배로 30 부근,30
월성동 77 부근,30
송현동 220-2 부근 인도,30
장기동 848 부근 횡단보도,30
이곡동 1251 부근 횡단보도정지선,30
이곡동 1324 부근 인도,30
죽전동 339부근,30
도원동 1462-5 부근,30
신당동 1696 부근 인도,30
대천동 성서공단로 72-2,30
상인동월촌초등학교부근,30
용산동 장산로 55 부근,29
이곡동 1331 부근 횡단보도,29
감삼동 436-6 부근 버스정류소,29
본리동 대명천로 167 부,29
본리동 1196 부근,29
감삼동 314-30 부근 횡단보도,29
송현동 1037-1 부근 인도,28
죽전동 204-1 부근 황색실선,28
용산동 971 부근 횡단보도,28
신당동 321-4 부근,28
이곡동 1221 부근 교차로 모퉁이,28
대천동 진천로 93 부근,28
용산동성서홈플물류입고,28
이곡동 1000-218 부근 인도,28
용산동 959 부근 횡단보도,28
이곡동 1253 부근 횡단보도,28
본리동덕인초등학교부근,28
진천동 월배로 75  부근,28
상인동 상화북로 160 부,28
월성동 725-1 부근,28
두류동 1298 부근 교차로모퉁이,28
이곡동 이곡공원로 33,28
이곡동 1220-12 부근 횡단보도,28
이곡동 1251 부근 교차로모퉁이,27
이곡동 1251 부근 이중주차,27
송현동78-3 부근,27
감삼동 360 부근 횡단보도,27
도원동 도원로 46 부근,27
용산동 성지로 72 부근,27
상인동 상인서로 85 부근,27
용산동 977 부근 인도,27
이곡동 달구벌대로262길,27
두류동 101-1 부근 소화전,27
감삼동 장기로 242 부근,27
송현동 1991-9 부근,27
죽전동 406 부근 소화전,26
본리동 1152 부근 횡단보도,26
진천동 603 부근,26
용산동 977 부근,26
월성동달서구청보건소앞,26
두류동웨딩비엔나,26
진천동 545-5 부근 소화전,26
성당동 639-3 부근 횡단보도,26
NH농협달성구지부 앞,26
장기동 548-2 부근 인도,26
월성동 1287-12 부근 횡단보도,26
월암동 성서4차첨단로 1,26
호림동 32 부근 인도,26
두류동 493-1 부근 인도,26
도원동 1438 부근,25
송현동 1927-7 부근 인도,25
장기동 문화회관길 165,25
상인동 150-16 횡단보도,25
감삼동 461 부근 교차로모퉁이,25
이곡동 1319 부근 인도,25
죽전동 380 부근,25
성당동 467-2 부근,25
본리동 당산로 27 부근,25
감삼동 305 부근 교차로모퉁이,25
송현동 구마로42길 37 부,25
상인동 52-2 부근 인도,25
호산동 397 부근 횡단보도,25
호림동 22 부근 인도,25
성당동 490-1 부근 횡단보도정지선,25
송현동 중흥로11길 8 부,25
장기동 418 부근,25
용산동 970 부근 횡단보도,25
송현동 산 54-4 부근,25
두류동 당산로36안길 16,25
감삼동 461 부근 인도,24
본리동 433 부근 인도,24
용산동 성지로 80-1 부근,24
이곡동 1226 부근,24
장기동 12-16 부근,24
이곡동 1199 부근,24
송현동 월배로,24
용산동 928 부근 소화전,24
도원동 1462-9 부근,24
월성동 1882 부근,24
신당동 1721-11 부근 인도,24
진천동 656-8 부근,24
본리동 1-8 부근 인도,24
용산동 991 부근 횡단보도,24
이곡동 1000-266 부근 인도,24
본리동복권방건너,24
감삼동 358 부근 교차로모퉁이,24
성당동 53-1 부근 인도,24
월성동 588-5 부근,23
죽전동 382 부근 횡단보도,23
본동 687 부근 황색복선,23
도원동 677 부근,23
상인동 77-12 횡단보도,23
장기동 810-2 부근 버스정류소,23
성당동 633-12 부근 횡단보도,23
감삼초등학교부근,23
용산동 420 부근,23
진천동 2-23 부근 횡단보도,23
대천동 성서4차첨단로 5,23
대천동 511-8 부근 인도,23
성당동 460-8 부근 횡단보도,23
용산동 968 부근 소화전,23
감삼동 474 부근,23
이곡동 1220-8 부근,23
이곡동 1201 부근 횡단보도,23
두류동 1338 부근 어린이보호구역,23
신당동 1789 부근 인도,23
상인동 1500 횡단보도,23
장기동 한들로 55 부근,23
이곡동 660-4 부근 인도,23
호산동 392 부근,23
이곡동 1329 부근 횡단보도,23
이곡동 1222-3 부근 횡단보도,23
장기동 문화회관길 137,23
장기동 812-1 부근 횡단보도,23
감삼동 453-6 부근 횡단보도 정지선,23
용산동 930-14 부근 횡단보도,22
이곡동 1152 부근,22
대곡동 1141 부근,22
대곡동 1150 부근 횡단보도,22
이곡동 1199 부근 횡단보도정지선,22
본리동 대명천로 101 부,22
월성동 1813 부근,22
상인동 818 횡단보도,22
장기동 26-22 부근,22
송현동 구마로,22
상인동 월배로39길 30 부,22
신당동 서당로3길 62,22
이곡동 이곡서로7길 12-,22
송현동 1991-2 부근,22
장기동 813-6 부근 횡단보도,22
진천동 월배로 124-6,22
상인동 150-16 횡단보도 정지선,22
용산동 960 부근 소화전,22
상인동 상인서로 75 부근,22
대천동 757-21 부근,21
송현동 1036-8 부근 교차로모퉁이,21
용산동 807 부근,21
두류동 742-1 부근,21
신당동 298-2 부근,21
상인동 송현로 9 부근,21
성당동 장기로12길 54 부,21
호림동 22 부근 횡단보도,21
죽전동 380 부근 인도,21
대곡동 19-2 부근,21
상인동 1504 횡단보도,21
본리동 433 부근 교차로모퉁이,21
월성동 1882 부근 교차로모퉁이,21
성당동 장기로7길 26 부,21
본동 학산로7길 79 부근,21
송현동 1045-1 부근 교차로모퉁이,21
장기동 809 부근 버스정류소,21
성당동 664 부근 버스정류장,21
이곡동 1346 부근 횡단보도,21
대곡동서한이다음부근,21
유천동 597 부근 횡단보도,20
진천동 228-4 부근,20
진천동 238-21 부근,20
두류동 1298 부근 횡단보도 정지선,20
본리동파라다이스부근,20
진천동 545-1 부근 소화전,20
두류동 493-2 부근 인도,20
이곡동 이곡공원로 32 부,20
용산동 용산서로 38 부근,20
성당동 392-55 부근 교차로모퉁이,20
송현동 635 부근 인도,20
도원동 1462-5 부근 횡단보도,20
상인동 1555-1 버스정류소,20
상인동 1530-1 횡단보도,20
감삼동 442-6 부근 인도,20
월성동 1899 부근 횡단보도,20
신당동 1845 부근,20
감삼동 452-1 부근 인도,20
상인동 1526 인도침범,20
상인동 1529-5 교차로모퉁이,20
진천동 월배로 92 부근,20
감삼동 474 부근 인도,20
시온교회부근,19
진천동 545-1 부근 횡단보도,19
장기동 848 부근 인도,19
도원동 1462 부근 횡단보도 정지선,19
감삼동 280-2 부근 인도,19
상인동 1528-4 부근,19
본리동 1150 부근 교차로모퉁이,19
월성동 1861 부근 횡단보도,19
도원동 1462-5 부근 교차로모퉁이,19
도원동 1396-46 부근 황색실선,19
신당동 1786-11 부근 소화전,19
진천동 290-16 부근 횡단보도,19
월성동 1813 부근 소화전,19
성당동 52-39 부근 횡단보도,19
용산동 928 부근 황색복선,19
진천동진월초등학교부근,19
이곡동 1258 부근,19
진천동 839 부근,19
성당동 633-12 부근 교차로모퉁이,19
송현동 월배로 408,19
도원동 1463-5 부근,19
내당동 433-4 부근,19
도원동 1463 부근 횡단보도,19
도원동 1462-3 부근 교차로 모퉁이,19
유천동 323 부근,19
대곡동 415 부근,19
송현동 2011-54 부근 횡단보도,19
송현동 산 306-4 부근,19
호산동 397 부근 소화전,19
본리동 대명천로 221 부,19
이곡동 1305 부근 횡단보도,19
상인동 1558 횡단보도,18
감삼동 453-4 부근 교차로모퉁이,18
장기동 826-13 부근 인도,18
본리동 317-3 부근 교차로모퉁이,18
장기동 성서동로66길 17,18
월성동 270-7 부근 횡단보도,18
송현동 295-94 부근,18
진천동 840 부근,18
이곡동 1243 부근 횡단보도,18
용산동 443 부근 횡단보도,18
신당동 1662 부근 횡단보도,18
이곡동 1220-8 부근 인도,18
감삼동 602-2 부근 횡단보도,18
두류동 1298 부근 황색실선,18
상인동 1527 부근,18
감삼동 달구벌대로308길,18
월성동 1146-13 부근,18
도원동 1462-6 부근 횡단보도,18
장기동 350-16 부근,18
본리동 1150 부근 황색복선,18
용산동 222-7 부근 교차로모퉁이,18
성당동 630-1 부근 소화전,18
홈플러스성서점 뒤,18
대곡동 화암로73길 10 부,18
용산동 911 부근 횡단보도,18
이곡동 1000-261 부근 소화전,18
감삼동 563-6 부근,18
두류동 1294 부근,18
도원동 1463-2 부근 횡단보도,18
용산동지하차도부근,18
성당동 635-1 부근 횡단보도,18
이곡동 1190 부근 횡단보도,18
월성동 89-2 부근 인도,18
죽전동 277-5 부근 황색실선,18
대천동 성서공단로 72-7,18
송현동 289-3 부근 횡단보도,17
도원동 한실로 49 부근,17
용산동 978 부근 인도,17
이곡동 1127-92 부근,17
본리동 1151-30 부근 인도,17
감삼동 달구벌대로 1636,17
이곡동 1219 부근,17
대천성당부근,17
상인동 1522 횡단보도,17
용산동 608 부근,17
감삼동 496 부근 인도,17
송현동 226-3 부근 인도,17
상인동 1527-4 부근,17
이곡동 1223 부근,17
성당동 야외음악당로2길,17
본리동 1208-6 부근 횡단보도,17
성당동 486-1 부근 소화전,17
진천동월배초등학교부근,17
상인동 월곡로26안길 12,17
용산동 962 부근 인도,17
이곡동 653-9 부근 인도,17
호산동 721 부근 소화전,17
대천동 445-7 부근 인도,17
상인동 1526-1 부근 인도,17
감삼동 560 부근 횡단보도,17
유천동 612 부근 횡단보도,17
성당동 459-5 부근,17
용산동 978 부근 횡단보도,17
본리동 402-1 부근 인도,17
두류동 630-119 부근 횡단보도,17
용산동 500 부근 버스정류소,17
두류동 1338 부근 교차로모퉁이,17
상인동 1556 교차로모퉁이,17
도원동 677 부근 횡단보도,17
신당동 1804 부근 인도,17
본동 270-2 부근 교차로모퉁이,17
이곡동 1250-14 부근 인도,17
송현동 1951-4 부근 횡단보도,17
이곡동 1257 부근 횡단보도,17
두류동 1335-4 부근 인도,17
감삼동 461 부근 버스정류소,17
두류동 494-1 부근 인도,17
파호동 86 부근 소화전,16
본동 619 부근 횡단보도,16
상인동 상인서로 94 부근,16
본동 616-7 부근 인도,16
감삼동 360-4 부근,16
두류동 488-24 부근 황색실선,16
상인동 1527 횡단보도,16
상인동상원초등학교부근,16
두류동 1293 부근 인도,16
이곡동해성병원앞부근,16
죽전동 180-14 부근 소화전,16
이곡동 1245 부근 횡단보도,16
도원동 1463-2 부근,16
본리동 대명천로43길 66,16
신당동 1790-10 부근 횡단보도,16
이곡동 905-5 부근 인도,16
두류동 1106-19 부근 인도,16
용산동 970 부근,16
장기동 845 부근 인도,16
성당동 639-3 부근 인도,16
장기동 9-7 부근 인도,16
감삼동 657-19 부근 황색실선,16
신당동 1721-11 부근 횡단보도,16
용산동 415 부근 황색복선,16
상인동 1529-5 부근,16
월배E마트부근,16
유천동 621 부근 횡단보도,16
두류동 776-11 부근 인도,16
도원동 1462-6 부근,16
월성동 89-3 부근 인도,16
두류동 135-15 부근 인도,16
본동 717-1 부근 횡단보도,16
이곡동 1221 부근 소화전,16
본리동 1236 부근 교차로모퉁이,16
본동 618 부근 소화전,16
신당동 1716 부근 교차로모퉁이,16
상인동 1402-4 교차로모퉁이,16
상인동 1551 횡단보도,16
월성동 1340-2 부근,16
본리동 76-4 부근 교차로모퉁이,16
두류동 494-2 부근 인도,16
두류동 산 326-25 부근 교차로모퉁이,16
두류동 100-6 부근 인도,16
성당동 202-32 부근 횡단보도,15
도원동 도원로 15 부근,15
용산동 용산서로 22 부근,15
두류동 883 부근 인도,15
도원동 한실로 135 부근,15
용산동 961 부근,15
대천동 성서4차첨단로 9,15
월성동 1823 부근 황색실선,15
용산동 230-5부근,15
감삼동 456-6 부근 횡단보도,15
진천동 238-10 부근,15
이곡동 1198 부근 횡단보도,15
두류동 1298-1 부근 교차로모퉁이,15
용산동 526 부근 인도,15
용산동 420 부근 교차로모퉁이,15
용산동 902-1 부근 소화전,15
본리동 166-17 부근 횡단보도,15
상인동 1556 횡단보도,15
상인동 1555-1 횡단보도,15
본동 959-3 부근 인도,15
본동 구마로 136,15
파호동 86 부근 횡단보도,15
신당동 계대동문로3안길,15
본리동 76-2 부근 소화전,15
송현동 950-9 부근 황색복선,15
감삼동본리초등학교부근,15
죽전동 당산로45길 142,15
도원동 1438 부근 횡단보도,15
상인동 1554 부근 횡단보도,15
두류동 486-2 부근 황색실선,15
본동 769 부근 인도,15
상인동 1336,15
송현동 산 65-4 부근,15
죽전동 341 부근,15
모다아울렛뒤편,15
장기동 848 부근 교차로모퉁이,15
용산동 968 부근 인도,15
상인동 1528-4 횡단보도,15
상인동 상원로9길 7,15
두류동 두류공원로 200,15
성당동 두류공원로,15
이곡동 1243 부근 황색실선,15
상인동 1591 교차로모퉁이,15
이곡동 1230-1 부근 횡단보도,15
도원동 1462-3 부근,14
죽전동 380 부근 횡단보도,14
두류동 1253-38 부근 인도,14
성당동 260-4 부근 교차로모퉁이,14
송현동 635 부근,14
감삼동 280-6 부근 인도,14
진천동 694-7 부근,14
상인동 1522 부근,14
상인동 1525-1 인도,14
장기동 46-7 부근 인도,14
가톨릭정형외과 앞,14
성당동 657-2 부근 횡단보도,14
대곡동 1165 부근,14
신당동 1786-10 부근 소화전,14
성지초등학교,14
본리동 665-2 부근 교차로모퉁이,14
용산동 416-5 부근 소화전,14
상인동 77-12 부근 횡단보도,14
대곡동 1150 부근,14
장기동 762 부근 버스정류소,14
이곡동 890-13 부근 인도,14
유천동 120-1 부근,14
상인동 196-15 부근,14
이곡동 1220-12 부근 인도,14
두류동 1290-1 부근 소화전,14
진천동 809-65 부근,14
두류동 488-1 부근 횡단보도정지선,14
장기동 809 부근,14
이곡동 성서로72안길 54,14
월성동 363 부근,14
이곡동 1249 부근 황색복선,14
성당동 392-52 부근 인도,14
성당동 392-12 부근 인도,14
두류동 857 부근 인도,14
두류동 1272-41 부근 횡단보도,14
대천동 성서4차첨단로 1,14
용산동 894 부근 교차로모퉁이,14
상인동 1554 부근,14
송현동 2007 부근 횡단보도,14
송현동 프라임마트부근,14
상인동 1524 부근,14
죽전동 338-2 부근 교차로모퉁이,14
두류동 성당로,14
본리동 1220 부근 횡단보도,14
이곡동 1221 부근 횡단보도 정지선,14
성당동 307-1 부근 인도,14
용산동 500 부근 인도,14
송현동 240-1 부근,14
진천동 774-3 부근,14
용산동 용산로 266 부근,14
대곡동 화암로73길 24 부,14
용산동 972 부근,14
월성동 755 부근 어린이보호구역,14
신당동 1721-12 부근 횡단보도,14
성당동 428-12 부근 인도,14
본동 학산로7길 87 부근,14
송현동 240-1 부근 횡단보도,13
도원동 1462-9 부근 인도,13
도원동 1438 부근 인도,13
장기동 848 부근 횡단보도 정지선,13
성당동 829-23 부근 인도,13
이곡동 538-5 부근 인도,13
장기동 180-25 부근 버스정류소,13
송현동 202 부근 인도,13
죽전동 341 부근 소화전,13
이곡동 이곡동로 18 부근,13
죽전동 277-5 부근,13
죽전동 338 부근 교차로모퉁이,13
도원동 690-1 부근,13
이곡동 1223 부근 횡단보도정지선,13
진천초등학교부근,13
본동 구마로 42 부근,13
송현동농협송현지점부근,13
진천동 602 부근 횡단보도,13
장기동 810-2 부근 소화전,13
상인동 1526 부근 횡단보도,13
용산동 443 부근,13
신당동 1844-3 부근,13
본리동 1199-8 부근 소화전,13
본동 616-7 부근 소화전,13
홈플러스 성서점 뒤,13
상인동 1525-1 인도 침범,13
대곡동 1021-1 부근 횡단보도,13
진천동 월배로 153,13
상인동 1525-1 횡단보도,13
감삼동 702 부근 횡단보도,13
월성동 1146-13 부근 횡단보도,13
두류동 1336-1 부근 횡단보도,13
감삼동 657-19 부근 교차로모퉁이,13
송현동 205-30 부근 횡단보도,13
대곡동 1141 부근 횡단보도,13
두류동 611-7 부근 횡단보도,13
송현동 283-5 부근,13
월성동 1261-6 부근 소화전,13
죽전동 204-1 교차로모퉁이,13
장기동 551 부근 횡단보도,13
감삼동 64-12 부근 버스정류소,13
이곡동 1355 부근 횡단보도,13
감삼동 474 부근 교차로모퉁이,13
송현동 200 부근,13
이곡동 1188 부근 횡단보도,13
이곡동 1188-1 부근,13
송현동 57-8 부근,13
이곡동 1243 부근 소화전,13
상인동 1336 부근,13
월성동 609-6 부근,13
상인동 1526 부근 인도,13
서남시장부근,13
월성동 1771-121 부근,13
상인동 1527-4 횡단보도,13
성당동 829-8 부근 인도,13
두류동 116-20 부근 횡단보도,13
상인동 1556 부근 횡단보도,13
상인동 1554 횡단보도,13
두류동 495-3 부근 교차로모퉁이,13
유천초등학교부근,13
성당동 829-7 부근 인도,13
두류동 1335-1 부근 횡단보도,13
송현동 60-4 부근 인도,13
이곡동 1203 부근 소화전,13
이곡동 1249 부근,13
월성동 조암로5길 19 부,13
두류동 532-7 부근,13
진천동 월배로 152-9,12
용산동 417 부근 횡단보도,12
용산동 928 부근 횡단보도,12
장기동 812 부근 버스정류소,12
월성동 1823 부근 횡단보도,12
성당동 834 부근 횡단보도,12
장기동 762 부근 교차로모퉁이,12
두류동 1254-4 부근 횡단보도,12
월성동 1570 부근 인도,12
진천동 603 부근 인도,12
송현동 629-1 부근 인도,12
감삼동 455-15 부근 교차로모퉁이,12
호산동 397 부근,12
송현동 1943 부근,12
송현동 2041 부근 인도,12
장기동 813-5 부근 인도,12
이곡동 1249 부근 이중주차,12
상인동 1530-1 교차로모퉁이,12
갈산동 976-4 부근 교차로모퉁이,12
상인동 1555-1 교차로모퉁이,12
본동 1150-33 부근 교차로모퉁이,12
송현동 월배로64길 9-15,12
이곡동 1223 부근 교차로모퉁이,12
장기동 548-2 부근,12
이곡동 1354 부근 소화전,12
송현동 1914-12 부근 인도,12
진천동 608-4 부근 소화전,12
감삼동 62-8 부근 소화전,12
성당동 장기로10안길 38,12
송현동 1991-8 부근 횡단보도,12
신당동 1789 부근 횡단보도,12
상인동 1457-19 횡단보도,12
두류동 488-1 부근 교차로모퉁이,12
진천동 602 부근,12
월성동 1142-6 부근 인도,12
두류동 1249-8 부근 횡단보도,12
월성동송일초등학교부근,12
용산동 413 부근 인도,12
두류동 1192-2 부근 인도,12
이곡동 1195 부근 횡단보도,12
장기동 548-14 부근 교차로모퉁이,12
월성동 학산로 45 부근,12
성당동 830-31 부근 인도,12
용산동 607-1 부근,12
이곡동 1243 부근 황색복선,12
진천동 15-6 부근 소화전,12
이곡동 1230-1 부근 소화전,12
용산동 390-4 부근,12
신당동 1804-8 부근 인도,12
용산동 947-17 부근 인도,12
본동 구마로 96 부근,12
상인동 1520-1 부근,12
호림동 16-5 부근 인도,12
두류동 산 326-28 부근 교차로모퉁이,12
죽전동 279-9 부근 인도,12
조암네거리,12
대천동 756 부근,12
송현동 289-3 부근 교차로모퉁이,12
감삼동 358 부근 소화전,12
용산동 937 부근 황색복선,12
진천동 227-2 부근,12
유천동 582 부근 인도,12
월성동 1823 부근 교차로모퉁이,11
감삼동 496 부근 소화전,11
장기동 583-6 부근,11
송현동 57-8 부근 인도,11
월성동 월곡로99길 12 부,11
유천동 622 부근,11
상인동 1572 횡단보도,11
용산동 416-5 부근 횡단보도,11
본동 610-6 부근 횡단보도,11
월성동월암중학교부근,11
두류동 630-35 부근 교차로모퉁이,11
송현동 1927-7 부근,11
본동 구마로 146 부근,11
성당동 53-29 부근 인도,11
성당동 265-1 부근 인도,11
월성동 1846 부근,11
상인동 1108-8 부근,11
상인동 월곡로47길 67,11
상인동 1551-2 부근 인도,11
용산동 592-10 부근 소화전,11
월성동 1813 부근 횡단보도 정지선,11
상인동 1551-2 횡단보도정지선,11
이곡동 1243 부근 인도,11
송현동 200 부근 횡단보도,11
성당동 두류공원로28길,11
두류동 1106-19 부근 횡단보도,11
상인동 1522 인도,11
호산동 349,11
유천동 595 부근 횡단보도,11
성당동 467-2 부근 횡단보도,11
죽전동 277-5 부근 인도,11
상인동 180-8 횡단보도 정지선,11
성당동 306 부근 인도,11
상인동 1558 부근 횡단보도,11
송현동 2007-12 부근 횡단보도,11
용산동 919 부근 횡단보도,11
용산동 946-17 부근 소화전,11
월성동 559-2 부근 교차로모퉁이,11
성당동 563-3 부근 교차로모퉁이,11
이곡동 1214 부근 횡단보도,11
송현동 2005-6 부근 횡단보도,11
상인동롯데시네마부근,11
장기동 548-1 부근 인도,11
NH농협 달성군지부 앞,11
이곡동 1220-4 부근 인도,11
상인동 월서로3길 15 부,11
용산동 972 부근 황색복선,11
송현동 85-3 부근 교차로모퉁이,11
용산동 862-5 부근 교차로모퉁이,11
월성동 611-2 부근 교차로모퉁이,11
송현동 1944-3 부근 인도,11
용산동 230-10 부근,11
대곡동 1042 부근,11
이곡동 1346 부근 교차로모퉁이,11
감삼동 496 부근,11
감삼동 287-57 부근 횡단보도,11
본동 1150-33 부근 횡단보도,11
본동 764-2 부근 인도,11
용산동 866 부근 교차로모퉁이,11
광장코아건너편,11
두류동 1290-1 부근 횡단보도 정지선,11
용산동 911 부근 인도,11
유천동 595 부근 인도,11
호림동 22 부근 소화전,11
본리동 1152 부근 교차로모퉁이,11
장기동 812-1 부근,11
신당동 1095-7 부근,11
유천동 595 부근,11
장기동762 부근,11
상인동 889 부근,11
상인동 1525-1 교차로모퉁이,11
이곡동 1309 부근 횡단보도,11
송현동 산 100 부근,11
이곡동 1188 부근 인도,11
용산동 932-2 부근 교차로모퉁이,11
장기동 809 부근 횡단보도,11
진천동 809-26 부근,11
감삼동 달구벌대로 1611,11
월성동 1412 부근 소화전,11
대천동 성서공단로 72-1,11
본리동 1235 부근 교차로모퉁이,11
월성동 609-6 부근 횡단보도,11
도원동 1439 부근 횡단보도,11
장기동 810-2부근,11
감삼동 474 부근 횡단보도,10
도원동 1463 부근,10
성당동 630-7 부근 소화전,10
용산동 978 부근 소화전,10
상인동 1558 부근,10
용산동 902-2 부근 인도,10
두류동 야외음악당로 21,10
두류동 776-9 부근 인도,10
용산동 931-4 부근 교차로모퉁이,10
도원동 1462-4 부근 인도,10
두류동 1298-1 부근,10
용산동 958-32 부근,10
성당동 64 부근 횡단보도,10
송현동 2007-13 부근,10
성당동 126-35 부근 인도,10
성당동 828 부근 횡단보도정지선,10
상인동 1526 부근,10
월성동 500-11 부근,10
월성동 1556-4 부근 횡단보도,10
상인동 1572-1 부근,10
상인동 818 교차로모퉁이,10
진천동 228-4 부근 소화전,10
본동빌리브클라쎄앞,10
상인동 1551-1 교차로모퉁이,10
죽전동 382 부근,10
성당동 828 부근 횡단보도,10
장기동 812 부근 인도,10
송현동 송현로2길 94 부,10
죽전동 270-29 부근 인도,10
감삼동 360-3,10
두류동 110-12 부근 횡단보도,10
상인동 1594-2 부근,10
송현동 130-4 부근 횡단보도,10
본리동 2-8 부근 인도,10
본동 240-3 부근 교차로모퉁이,10
이곡동 1306-5 부근 인도,10
성당동 126-8 부근 인도,10
상인동 1525-1 인도침범,10
신당동 311-30 부근 인도,10
감삼동 564-9 부근,10
성당태왕아너스1,10
송현동 201-1 부근 인도,10
도원동 1462 부근 교차로모퉁이,10
상인동 1509 횡단보도,10
두류동 2346 부근,10
이곡동 1226 부근 인도,10
두류동 1202-44 부근 소화전,10
송현동 289-5 부근 횡단보도,10
상인동 1594-2 횡단보도,10
송현동 2007-13 부근 횡단보도정지선,10
장기동 813-6 부근 인도,10
상인동 1332-329 횡단보도,10
신당동 1788-6 부근 소화전,10
상인동 1509 부근 횡단보도,10
용산동 415 부근 소화전,10
이곡동 1257 부근 교차로모퉁이,10
파라다이스부근,10
용산동 용산큰못길 30 부,10
용산동 238-10 부근 교차로모퉁이,10
본리동 433 부근 황색복선,10
용산동성서홈플주차장,10
두류동 117-24 부근 소화전,10
송현동 1045-1 부근 이중주차,10
두류동 487-22 부근 황색실선,10
두류동 630-35 부근 횡단보도,10
용산동 415 부근,10
성당동 392-55 부근 황색복선,10
신당동 1804 부근 소화전,10
월성동 조암남로 24 부근,10
송현동 2041 부근,10
호림동 31 부근 인도,10
본동 619 부근 교차로모퉁이,10
상인동 1504 부근 횡단보도,10
월성동 1892 부근,10
본리동 76-2 부근 횡단보도,10
송현동 139-16 부근 인도,10
두류동 495-3 부근 인도,10
상인동 1527-5 부근,10
대곡동 산 155-21 부근 인도,10
송현동 1914-2 부근 인도,10
이곡동 1190 부근 교차로모퉁이,10
진천동 상화북로 26-1 부,10
장기동 848 부근,10
장기동 361-5 부근,10
본리동 1151 부근 횡단보도,10
도원동 1462-9 부근 교차로모퉁이,10
상인동 1403-6 교차로모퉁이,10
상인동 1524 횡단보도,10
진천동 595-62 부근 횡단보도,10
본리동 370-3 부근 인도,10
상인동 1553 부근,10
성당동 489-19 부근 횡단보도,10
성당동 705-8 부근 인도,9
대곡동 1088 부근 횡단보도,9
두류동 135-10 부근 인도,9
본리동 2-3 부근 인도,9
대곡동 1155 부근 교차로모퉁이,9
도원동 1439-1 부근,9
상인동 1527-5 횡단보도정지선,9
송현동 월배로 380,9
신당동 1804-8 부근 횡단보도,9
이곡동 1232-2 부근 횡단보도,9
국민은행성서지점부근,9
파호동 86 부근 교차로 모퉁이,9
성당동 665-4 부근 횡단보도,9
두류동 126-3 부근 버스정류소,9
두류동 494-2 부근 소화전,9
상인동 1533 횡단보도,9
죽전동 338 부근 소화전,9
호산동 호산동로 94 부근,9
본리동 대명천로 229 부,9
용산동 807 부근 횡단보도,9
월성동 성서공단로 364,9
월성동 1071-1 부근,9
두류동 117-23 부근 소화전,9
본동 760-4 부근 인도,9
이곡동 1220-10 부근 인도,9
두류동 487-20 부근 황색실선,9
송현동 1042-4 부근 인도,9
신당동 1733 부근 어린이보호구역,9
도원동 1462 부근 횡단보도정지선,9
두류동 614-8 부근 횡단보도,9
두류동 706-3 부근,9
죽전동 400 부근,9
장기동 548-14 부근 횡단보도,9
용산동 962 부근,9
본리동 166-17 부근 교차로모퉁이,9
유천동 월배로 37 부근,9
신당동 1710-11 부근 버스정류소,9
송현동 2014-4 부근 횡단보도,9
죽전동 339 부근 횡단보도 정지선,9
진천동 837 부근 횡단보도,9
상인동 1551-2,9
송현동 2005-6 부근,9
상인동 1565-9 횡단보도,9
용산동 972 부근 버스정류소,9
본리동 184-6 부근 횡단보도,9
송현동 1944-11 부근 인도,9
본리동 424-3 부근 인도,9
본동 1011 부근 인도,9
용산동 230-10 부근 인도,9
본동 276 부근 교차로모퉁이,9
성당동 223-2 부근 버스정류소,9
이곡동 890-15 부근,9
월암동 1141 부근 횡단보도,9
본동 276 부근 인도,9
도원동 1463 부근 인도,9
본동 1010-2 부근 인도,9
신당동 613-2 부근 횡단보도,9
대곡동 1048 부근,9
본동 687 부근 대각주차,9
송현동 1991-1 부근,9
두류동 493-7 부근,9
이곡동 성서로72안길 42,9
이곡동 1224-4 부근 횡단보도,9
본리동 1151 부근 교차로모퉁이,9
본동 967-1 부근 교차로모퉁이,9
두류동 야외음악당로 20,9
상인동 1551 부근,9
감삼동 455-8 부근 교차로모퉁이,9
상인동 134-10 부근,9
송현동 산 104-3 부근 횡단보도,9
진천동 523-2 부근 버스정류소,9
월성동 1861 부근 교차로모퉁이,9
호산동 721 부근 교차로 모퉁이,9
상인동 1527-5 횡단보도,9
장기동 550-8 부근 인도,9
죽전동 273-3 부근 교차로모퉁이,9
감삼동 618-27 부근 인도,9
상인동 180-8 횡단보도,9
월성동 559-2 부근 횡단보도,9
이곡동 909-4 부근 인도,9
유천동 621 부근,9
신당동 1696 부근,9
송현동 2007-3 부근 인도,9
용산동 854 부근 인도,9
진천동 599 부근 소화전,9
상인동 150-16 교차로모퉁이,9
한솔초등학교부근,9
용산동 856 부근 교차로모퉁이,9
진천동 839-3 부근 인도,9
장기동 180-45 부근 횡단보도,9
두류동 487-14 부근 황색실선,9
진천동 732-3 부근,9
이곡동 1324 부근,9
장기동장성초등학교부근,9
이곡동 1306-8 부근 인도,9
상인동 1456-13 횡단보도,9
성당동 565-3 부근 횡단보도,9
용산동 500 부근,9
상인동 상화로 371 부근,9
본동 225-1 부근 횡단보도정지선,9
신당동 1714 부근 교차로모퉁이,9
도원동 1462 부근 버스정류소,9
신당동 1846-3 부근 횡단보도,9
송현동 1968-6 부근 인도,9
용산동 954 부근 소화전,9
월성동 275-2 부근 횡단보도,9
진천동 595-62 부근,9
송현동 207-12 부근 교차로모퉁이,9
송현동 201-2 부근 인도,9
성당동 660 부근 횡단보도,9
용산동 420 부근 인도,9
진천동 603 부근 횡단보도 정지선,9
대곡동 1140 부근 횡단보도,9
본리동 1-3 부근 인도,8
신당동 1733 부근 횡단보도,8
진천동 월배로 124-6 부,8
송현동 산 79-2 부근 인도,8
상인동 1332-329 교차로모퉁이,8
죽전동 60 부근,8
이곡동 1317 부근 횡단보도,8
신당동 682-30 부근 버스정류소,8
신당동 1704-9 부근 교차로모퉁이,8
도원동 677 부근 교차로모퉁이,8
송현동 1915-6 부근,8
신당동 1761-10 부근 횡단보도,8
두류동 495-10 부근 교차로모퉁이,8
두류동 1253-3 부근 인도,8
이곡동 1219 부근 횡단보도정지선,8
용산동 612-1 부근 인도,8
남부초등학교부근,8
송현동 240-31 부근,8
장기동 350-40 부근,8
송현동 1045,8
두류동 2348 부근 인도,8
유천동 612 부근,8
도원동 1462-6 부근 인도,8
송현동 산 69 부근,8
상인동 1551 버스정류소,8
이곡동 1188 부근 버스정류소,8
감삼동 553-7 부근 교차로모퉁이,8
진천동 545-1 부근 횡단보도 정지선,8
감삼동 473-5 부근 횡단보도,8
호산동 716-33 부근 소화전,8
용산동 501-2 부근 버스정류소,8
두류동 1253-38 부근 횡단보도,8
월성동 1848 부근 횡단보도,8
월성동 학산로7길 5 부근,8
대곡동 1141 부근 교차로모퉁이,8
상인동 월곡로47길 67 부,8
호산동 707-3 부근 소화전,8
신당동 1789 부근 소화전,8
죽전동 204-1 부근 인도,8
송현동 1991-9 부근 교차로모퉁이,8
성당동 223-3 부근 교차로모퉁이,8
용산동 911 부근,8
성당동 410-1 부근 소화전,8
월암동 1157 부근 횡단보도,8
상인동 1509 부근,8
성당동 467-2 부근 이중주차,8
상인동 697-3 부근,8
성당동 277-13 부근 인도,8
상인동 150-16 부근,8
본리동 377-1 부근 인도,8
송현동 127-1 부근 횡단보도,8
송현동 2011-9 부근,8
상인동 1558 부근 인도,8
용산동 413 부근 횡단보도,8
송현동 2014-4 부근,8
송현동 월배로 380 부근,8
본리동 76-4 부근 인도,8
성당동 536-2 부근 소화전,8
진천동 843 부근 황색실선,8
상인동 518-6 부근 인도,8
상인초등학교부근,8
송현동 187-5 부근 인도,8
신당동 1696 부근 횡단보도,8
진천동 513-12 부근,8
유천동 46 부근 인도,8
두류동 825-24 부근 어린이보호구역,8
죽전동 270-26 부근 인도,8
이곡동 1200-4 부근 인도,8
진천동 290-16 부근,8
용산동 866 부근,8
본리동 401-1 부근 인도,8
성당동 307-1 부근 횡단보도,8
송현동 2007-27 부근,8
감삼동 62-5 부근 버스정류소,8
용산동 977 부근 횡단보도,8
죽전동 270-28 부근 인도,8
죽전동 273-4 부근 인도,8
도원동 949-3 부근 인도,8
두류동 1281-46 부근 횡단보도,8
두류동 101-1 부근 인도,8
두류동 1294 부근 소화전,8
진천동 604-5 부근 횡단보도,8
송현동 1900-4 부근 횡단보도,8
상인동 1529-5 횡단보도,8
상인동 1458-18 횡단보도,8
상인동 상인로 68-9 부근,8
송현동 1927-6 부근 인도,8
유천동 599 부근 교차로모퉁이,8
장동 성서공단로 359 부,8
상인동 1501 횡단보도,8
진천동 월배로 153 부근,8
유천동 323 부근 버스정류소,8
두류동 484-17 부근 횡단보도,8
이곡동 1201 부근 교차로모퉁이,8
두류동 825-23 부근 어린이보호구역,8
대곡동 946 부근 인도,8
도원동 1396-331 부근,8
이곡동 1222-4 부근 교차로 모퉁이,8
월성동 1863 부근 소화전,8
진천동 595-1 부근 인도,8
용산동 611-30 부근,8
월성동 1834 부근,8
죽전동 368 부근 횡단보도,8
신당동 1662 부근 횡단보도정지선,8
월성동학산초등학교부근,8
월성동 275-2 부근 인도,8
죽전동 275-7 부근 인도,8
신당동 1846-3 부근 인도,8
감삼동 490-1 부근 인도,8
월성동 275-2 부근,8
죽전동 338 부근 횡단보도,8
상인동 1527-5 교차로모퉁이,8
월성동 1146-13 부근 인도,8
감삼동 65-5 부근 인도,8
용산동 526 부근,8
감삼동 280-4 부근 인도,8
송현동 207-1 부근 인도,8
월성동 37-1 부근,8
이곡동 1309 부근 버스정류소,8
월성동 1818 부근 소화전,8
이곡동 538-1 부근 인도,8
성당동 830-27 부근 인도,8
용산동 215-35 부근 교차로모퉁이,8
용산동 달구벌대로 1521,8
두류동 487-13 부근 황색실선,8
성당동 824-82 부근 횡단보도,8
송현동 1029-4 부근,8
송현동 산 170 부근,8
송현동 2005-13 부근 횡단보도,8
송현동 2007-37 부근 횡단보도,8
도원동 949-5 부근 인도,8
성당동 461-5 부근 횡단보도,8
이곡동 905-5 부근,8
송현동 59-12 부근,8
성당동 산 136-2,8
감삼동 146-16 부근 인도,8
용산동 417 부근 인도,8
월성동 1260 부근,8
본리동 1150 부근 황색실선,8
월성동 1899 부근,8
두류동 597-3 부근,8
진천동 578-4 부근 인도,8
두류동 1106-14 부근 인도,8
용산동 415 부근 횡단보도,8
상인동 1565-9 부근,8
진천동 840 부근 횡단보도,8
상인동 889 부근 횡단보도,8
진천동 779-1 부근,8
송현동 2014-2 부근 인도,8
진천계룡리슈빌부근,8
죽전동 338-2부근,8
상인동 818 횡단보도 정지선,8
진천동 555-9 부근,8
이곡동 1248 부근 인도,8
이곡동 1190 부근 인도,8
월암동조암네거리,8
월성동 363 부근 소화전,8
성당동 838 부근 교차로모퉁이,8
도원동 677 부근 인도,8
상인동 1589 부근,8
송현동 1958-6 부근 인도,8
감삼동 360 부근 소화전,8
두류동 1105-24 부근 버스정류소,8
본리동 403-6 부근 인도,8
용산동 963부근,7
대우월드마크부근,7
노전초등학교부근,7
본리동 76-2 부근 황색실선,7
두류동 1290-2 부근 인도,7
호산동 91-4,7
이곡동 1197 부근 인도,7
송현동 1029-1 부근 인도,7
이곡동 1045-9 부근 소화전,7
이곡동 1029-1 부근,7
진천동 595-62 부근 교차로모퉁이,7
이곡동 1344 부근 교차로모퉁이,7
감삼동 564-9 부근 횡단보도,7
용산동 926 부근,7
이곡동 1029-4 부근,7
용산동 215-3 부근 교차로모퉁이,7
송현동 산 77-4 부근,7
호림동 28 부근 횡단보도,7
감삼동 195-23 부근 교차로모퉁이,7
이곡동 1245 부근 교차로 모퉁이,7
이곡동 1326 부근 인도,7
용산동 958 부근 인도,7
죽전동 276-7 부근 황색실선,7
송현동 중흥로 67 부근,7
성당동 838 부근 횡단보도,7
송현동 950-9 부근 교차로모퉁이,7
이곡동 1189-2 부근 횡단보도,7
용산동 937 부근 인도,7
용산동 948 부근 횡단보도,7
상인동 1536 횡단보도,7
감삼동 106-1 부근 인도,7
성당동 827 부근 교차로모퉁이,7
장기동 810-2 부근 횡단보도정지선,7
죽전동 366-8 부근 횡단보도,7
대곡동 1029-2 부근 횡단보도,7
이곡동 1201 부근 인도,7
용산동 용산로 253 부근,7
용산동 215-29 부근 교차로모퉁이,7
용산동 931-4 부근 횡단보도,7
본리동 74-1 부근 소화전,7
유천동 622 부근 인도,7
이곡동 1248-12 부근 횡단보도,7
진천동 242-1 부근 인도,7
상인동 889 횡단보도,7
송현동 158-5 부근 횡단보도,7
장기동 813-5 부근 횡단보도,7
본리동 64-1 부근 인도,7
본리동 433 부근 버스정류소,7
유천동한샘초교주변,7
상인동 800-9 횡단보도,7
용산동 달구벌대로291길,7
장기동 26-22 부근 황색복선,7
두류동 산 326-25 부근,7
월성동 275-2 부근 교차로모퉁이,7
이곡동 1309 부근 인도,7
월성동 1412 부근,7
용산동 962 부근 횡단보도정지선,7
대곡동 19-45 부근,7
송현동 2013-23 부근,7
상인동 1509 횡단보도정지선,7
죽전초등학교부근,7
진천동 223-31 부근,7
용산동 917 부근 소화전,7
송현동 139-16 부근 횡단보도,7
대명동 성당로,7
본리동 429-2 부근 횡단보도,7
진천동 562-1 부근 인도,7
성당동 563-3 부근 횡단보도,7
상인동 1501 교차로모퉁이,7
죽전동 204-1 부근,7
용산동 445 부근,7
용산동 973 부근 교차로모퉁이,7
진천동 808-9 부근 인도,7
감삼동 657-19 부근 이중주차,7
진천동 595 부근 교차로모퉁이,7
용산동 991 부근,7
두류동 1254-4 부근 인도,7
송현동 85-3 부근 황색복선,7
용산동 420 부근 황색복선,7
신당동 1842-2 부근 이중주차,7
송현동 2003-18 부근,7
이곡동 계대동문로 123,7
월성동 1538-1 부근 인도,7
대천동 진천로 92 부근,7
성당동 670-29 부근 횡단보도,7
파호동 성서공단북로 23,7
이곡동성서초등학교부근,7
두류동 1338 부근 소화전,7
송현동 2011-54 부근,7
상인동 1527 인도,7
본리동1220 부근 소화전,7
중리동 산 206 부근,7
송현동 2026 부근,7
두류동 1107-2 부근 횡단보도,7
상인동 180-10 횡단보도 정지선,7
용산동 929 부근 황색복선,7
신당동 569-1 부근 교차로모퉁이,7
두류동 491-1 부근 횡단보도,7
감삼동 346 부근 소화전,7
호산동 711 부근 인도,7
월성동 1142-6 부근 횡단보도,7
송현동 1931-14 부근 인도,7
상인동 1572 부근,7
상인동 585 인도침범,7
이곡동 1201 부근 교차로 모퉁이,7
도원동 1463-2 부근 교차로 모퉁이,7
두류동 1106-14 부근 횡단보도,7
감삼동 171-5 부근 인도,7
상인동 1554-4 교차로모퉁이,7
송현동 60-4 부근 횡단보도,7
감삼동 451 부근 인도,7
신당동 산 39-9 부근 버스정류소,7
성당동 151-2 부근,7
송현동 송현로 16-2 부근,7
진천동 월배로 95-6,7
월성동 1813 부근 인도,7
이곡동 1220-13 부근 횡단보도,7
이곡동 1325 부근 횡단보도,7
성당동 277-26 부근 인도,7
이곡동 1188-1 부근 버스정류소,7
성당동 630-2 부근 인도,7
상인동 1536 부근,7
본리동 433 부근 횡단보도,7
죽전동 374-8 부근 교차로모퉁이,7
본동 구마로12길 5 부근,7
용산동 용산서로 4-18 부,7
이곡동 1201 부근,7
본리동 114-4 부근 횡단보도,7
감삼동 455-11 부근 횡단보도 정지선,7
감삼동 581-2 부근,7
본동 1150-29 부근 인도,7
본리동 1198-14 부근 버스정류소,7
용산동 415부근,7
대곡동 1142 부근,7
죽전동 275-7 부근 소화전,7
죽전동 와룡로52안길 48,7
두류동 산 302-2,7
진천동 604-5 부근,7
본동 구마로 176,7
신당동 682-45 부근 인도,7
송현동 55-1 부근 인도,7
이곡동 1258 부근 소화전,7
상인동 1458-34 횡단보도,7
월성동 1839 부근,7
용산동 963 부근,7
이곡동 1347-11 부근 횡단보도,7
성당동 833 부근,7
용산동 970 부근 인도,7
두류동 1186-6 부근 인도,7
송현동 139-16 부근,7
용산동 415 부근 교차로모퉁이,7
송현동 2006-9 부근 횡단보도,7
이곡동 1220-8 부근 횡단보도정지선,7
성당동 412-4 부근 인도,7
본동 구마로 128 부근,7
감삼동 357 부근 횡단보도,7
성당동 263-4 부근 인도,7
이곡동 1249 부근 교차로 모퉁이,7
본리동 1208-1 부근 횡단보도,7
죽전동 338부근,7
월성동 276 부근,7
대곡동 1021-1 부근,7
두류동 산 326-25 부근 횡단보도,7
상인동 1470 횡단보도,7
송현동 189-6 부근 인도,7
송현동 1914-5 부근 인도,7
도원동 1462-2 부근 인도,7
장기동 848 부근 황색실선,7
장기동 551 부근,7
두류동 487-31 부근 황색실선,7
상인동 1530-1 부근 횡단보도,7
이곡동 1203 부근 황색복선,7
감삼동 435-8 부근 인도,7
신당동 1763 부근 인도,7
두류동 1298 부근 인도,7
성당동 536-3 부근 인도,7
대곡동 946 부근,7
성당동 829-23 부근 횡단보도,7
이곡동 1357 부근 인도,7
상인동 1458-25 횡단보도,7
호림동 성서공단로 65 부,6
장기동 812-1 부근 횡단보도 정지선,6
용산동 926 부근 인도,6
상인동 1554 부근 인도,6
용산동 947-18 부근 인도,6
용산동 899 부근 교차로모퉁이,6
상인동 월곡로 176 부근,6
두류동 126-3 부근 횡단보도 정지선,6
이곡동 1253 부근 교차로모퉁이,6
성당동 660 부근 인도,6
진천동 843 부근,6
두류동 532-8 부근 버스정류소,6
상인동 156 횡단보도,6
감삼동 453-6 부근 횡단보도정지선,6
상인동 1332-292 인도,6
신당동 1790 부근 인도,6
신당동 569-1 부근 횡단보도,6
진천동 694-7 부근 교차로 모퉁이,6
본동 구마로 136 부근,6
월성동 1899 부근 황색복선,6
용산동 230-22 부근 인도,6
이곡동 1000-221 부근 인도,6
월성동 1813 부근 안전지대,6
호림동 22 부근 교차로모퉁이,6
도원동 1462-5 부근 교차로 모퉁이,6
감삼동 461 부근 횡단보도 정지선,6
상인동 1109-10 교차로모퉁이,6
감천초등학교부근,6
장기동 811-1 부근 소화전,6
죽전동 273-24 부근 버스정류장,6
상인동 1504 횡단보도 정지선,6
이곡동 1331 부근 인도,6
장기동 46-32 부근,6
대곡동 1043 부근 인도,6
이곡동 1194 부근 버스정류소,6
상인동 1572 횡단보도 정지선,6
상인동 1558 교차로모퉁이,6
모다맥도날드부근,6
월성동 1190-1 부근 횡단보도,6
유천동 614 부근 횡단보도,6
죽전동 74-20 부근 횡단보도,6
호산동 357-80 부근 횡단보도,6
월성동 1834 부근 횡단보도,6
도원동 1463-5 부근 교차로모퉁이,6
신당동 1786-19 부근 횡단보도,6
본리동 110-3 부근 횡단보도,6
송현동 798-6 부근 인도,6
두류동 148-4 부근 인도,6
두류동 1272-21 부근 횡단보도,6
성당동 410-1 부근 횡단보도,6
상인동 150-16 횡단보도정지선,6
송현동 1915-6 부근 인도,6
감삼동 564-1 부근 횡단보도,6
상인동 1594-2 인도,6
이곡동 1195 부근 횡단보도정지선,6
감삼동 504-1 부근 버스정류소,6
도원동 1439 부근,6
대곡동 1021-1 부근 인도,6
이곡동 1349-13 부근 교차로모퉁이,6
성당동 827-3 부근 교차로모퉁이,6
월성동 1146-11 부근,6
송현동 2006-9 부근 인도,6
본동 619 부근,6
죽전동 204-1 횡단보도,6
본동 1010-1 부근 인도,6
용산동 997 부근 교차로모퉁이,6
송현동 78-3 부근 황색복선,6
상인동 1525-1 부근,6
이곡동 1199 부근 교차로 모퉁이,6
장기동 180-45 부근 인도,6
신당동 1734 부근 횡단보도,6
상인동 1551-2 부근 횡단보도,6
송현동 200 부근 인도,6
감삼동 491-1 부근 교차로모퉁이,6
두류동 126-3 부근 횡단보도,6
대곡동 1141 부근 교차로 모퉁이,6
상인동 1553 횡단보도,6
용산동 230-7 부근,6
월성동 1139-4 부근 교차로모퉁이,6
월성동 1261 부근 황색실선,6
월성동 1556-4 부근,6
상인동 180-10 횡단보도,6
장기동 826-13 부근,6
신당동 1842 부근 횡단보도,6
대천동 486-23 부근 횡단보도,6
두류동 828-11 부근 인도,6
유천동 301-2 부근 인도,6
신당동 1793-20 부근 횡단보도,6
본리동 306-1 부근 교차로모퉁이,6
송현동 1991-10 부근 횡단보도,6
유천동 582 부근 교차로모퉁이,6
진천동 603 부근 교차로모퉁이,6
감삼동 107-9 부근 인도,6
죽전동 380 부근 버스정류소,6
장기동 12-16부근,6
본리동 444-3 부근 횡단보도,6
두류동 87-36 부근 인도,6
송현동 1920-10 부근 횡단보도,6
진천동 2-1 부근 횡단보도,6
상인동 1437-5 교차로모퉁이,6
이곡동 892-3 부근 인도,6
상인동 1441-2 버스정류소,6
이곡동 1354 부근 횡단보도,6
성당동 64 부근,6
유천동 612 부근 횡단보도 정지선,6
신당동 1666-13 부근 횡단보도,6
대천동 1045 부근 횡단보도,6
죽전동 170-1 부근 인도,6
용산동용전초등학교 부근,6
대천동 성서4차첨단로 6,6
상인동 1525-1 부근 인도,6
송현동 57-8 부근 횡단보도,6
상인동 1511 횡단보도,6
두류동 825-16 부근 황색실선,6
이곡동 1357 부근 교차로모퉁이,6
송현동 산 100 부근 횡단보도,6
두류동 610-8 부근 횡단보도,6
본리동 75-1 부근 교차로모퉁이,6
두류동 495-43 부근 인도,6
도원동 1462-9부근,6
송현동 산 104-6 부근 횡단보도,6
두류동 489-1 부근 교차로모퉁이,6
장기동 810-2 부근 인도,6
감삼동 65-4 부근 인도,6
이곡동 893-9 부근 인도,6
월성동 1813 부근 횡단보도정지선,6
죽전동 170-21 부근 인도,6
두류동 2348 부근 황색실선,6
용산동 507-2 부근 소화전,6
호산동 333-3,6
신당동 신당로 56 부근,6
장기동 762 부근 횡단보도 정지선,6
호산동 707-3 부근,6
진천동 559-2 부근 인도,6
용산동 861 부근 교차로모퉁이,6
두류동 597-6 부근 횡단보도,6
이곡동 1217 부근 소화전,6
이곡동 1200-7 부근 소화전,6
유천동 500 부근 횡단보도,6
두류동 1196-1 부근 인도,6
장기동 556-7 부근 인도,6
신당동 1842-1 부근 이중주차,6
두류동 488-1 부근 횡단보도,6
진천동 604 부근,6
감삼동 360 부근,6
상인동 1526 횡단보도,6
이곡동 1220-4 부근 횡단보도,6
이곡동 1222-1 부근 인도,6
본리동 와룡로22길 27-8,6
월성동 1147-15 부근 인도,6
감삼동 712 부근 인도,6
본리동 647-1 부근 황색복선,6
감삼동 357 부근 소화전,6
송현동 189-9 부근 인도,6
이곡동 1258-9 부근 인도,6
장기동 551 부근 버스정류소,6
용산동 975 부근 교차로모퉁이,6
성당동 장기로 100 부근,6
용산동 970 부근 황색복선,6
두류동 1299-8 부근 횡단보도,6
감삼동 556-1 부근 인도,6
본동 1150-33 부근 소화전,6
두류동 1338 부근 황색실선,6
용산동 971 부근 교차로모퉁이,6
상인동 1522 부근 인도,6
용산동 936 부근,6
이곡동 1222-3 부근 인도,6
죽전동 280-1 부근 인도,6
상인동 1507 부근 교차로모퉁이,6
진천동 227-2 부근 교차로모퉁이,6
송현동 월배로 389,6
유천동 597 부근 교차로 모퉁이,6
용산동 937 부근 횡단보도,6
이곡동 1220-9 부근 인도,6
월성동 1847 부근 모퉁이,6
송현동 월배로 322,6
본리동 1-3 부근 교차로모퉁이,6
계명대 동문,6
월성동 1327 부근 인도,6
성당동 장기로10안길 9,6
이곡동 1222-7 부근 소화전,6
월성동 1340-2 부근 소화전,6
용산동 415 부근 인도,6
두류동 야외음악당로41길,6
이곡동 1307 부근 소화전,6
진천동 595-57 부근 횡단보도 정지선,6
진천동 587-1 부근 인도,6
본리동 370-2 부근 인도,6
두류동 야외음악당로45길,6
죽전동 170-12 부근 인도,6
감삼동 440-5 부근 인도,6
월성동 1823 부근,6
감삼동 566-5 부근 횡단보도,6
용산동 230-5 부근 버스정류소,6
본동 225-1 부근 횡단보도,6
송현동 1914-11 부근 인도,6
송현동 57-3 부근 인도,6
본동 학산로7길 69-5 부,6
송현동 1991-19 부근 횡단보도,6
성당동 392-44 부근 버스정류소,6
상인동 월곡로 330 부근,6
성당동 633-12 부근 인도,6
상인동 1551 부근 횡단보도,6
성당동 392-51 부근 인도,6
성당동 당산로 82,6
이곡동 1000-212 부근 인도,6
용산동 선원남로 181 부,6
진천동 574-1 부근 인도,6
월성동 1142-3 부근 인도,6
상인동 818 인도,6
본리동 166-17 부근 횡단보도정지선,6
진천동 555-9 부근 횡단보도,6
본리동 1151-31 부근 교차로모퉁이,6
장기동 848 부근 황색복선,6
성당동 393-16 부근 교차로모퉁이,6
송현동 월배로 389 부근,6
성당동 482-3 부근 횡단보도,6
대우월드마크E-1충전소,6
대천동 441-1 부근 교차로모퉁이,6
이곡동 1247 부근 횡단보도,6
성당동 392-54 부근 황색복선,6
월성동 611-2 부근 횡단보도,6
상인동 257-12 인도,6
송현동 284-1 부근 교차로모퉁이,6
용산동 445 부근 교차로모퉁이,6
유공약국부근,6
본리동 1205-2 부근 횡단보도,6
성당동 52-39 부근 인도,6
용산동 500 부근 횡단보도,6
이곡동 1334 부근 횡단보도,6
성당동 54-1 부근 횡단보도,6
장기동 550-5 부근 인도,6
진천동 238-21 부근 소화전,6
성당동 53-27 부근 인도,6
대천동 555-1 부근 횡단보도,6
월성동 1493 부근 인도,6
본리동 1220 부근 황색복선,6
장기동 822-15 부근,6
상인동 1504 부근,6
신당동 1721-18 부근 인도,6
진천동 815-9 부근 횡단보도,6
이곡동 성서동로65길 17,6
용산동 914 부근 소화전,6
상인동 1579-1 소화전,6
송현동 57-8 부근 교차로모퉁이,6
호산동 707-3 부근 인도,6
감삼동 499-3 부근 버스정류소,6
월성동 718-2 부근 어린이보호구역,6
장기동 845 부근,6
본동 618 부근 횡단보도,6
상인동 871-6 인도,6
두류동 1335-4 부근 횡단보도,6
성당동 827 부근 인도,6
장기동 762부근,6
용산동 5-1 부근,5
용산동 420부근,5
장기동 528 부근 인도,5
상인동 871-6 인도 침범,5
진천동 607-2 부근 소화전,5
상인동 1556-2 횡단보도,5
월성동 971 부근 인도,5
송현동 2007-12 부근,5
상인동 1550-8 부근,5
상인동 726-3 부근 인도,5
죽전동 217-11 부근 교차로모퉁이,5
죽전동 338-2 부근 횡단보도,5
송현동 283-5 부근 교차로모퉁이,5
상인동 877-16 인도 침범,5
본리동 75-1 부근 횡단보도정지선,5
이곡동 1220-15 부근 횡단보도,5
진천동 15-1 부근 소화전,5
죽전동 380부근,5
성당동 479-2 부근 횡단보도,5
본리동 1208-1 부근 인도,5
상인동 월서로 14 부근,5
장기동 551 부근 인도,5
본동 764-2 부근 횡단보도,5
장기동 417-3 부근 안전지대,5
성당동 832 부근 인도,5
진천동 779-1 부근 교차로모퉁이,5
장기동 180-45 부근,5
유천동 368-2 부근,5
두류동 1290-2 부근 횡단보도,5
호산동 392 부근 교차로모퉁이,5
장기동 46-7 부근,5
상인동 1551-1 횡단보도정지선,5
용산동 965 부근 횡단보도,5
이곡동 1335 부근 횡단보도,5
상인동 228-26 횡단보도,5
장기동 817-3 부근 인도,5
본리동 650-5 부근 교차로모퉁이,5
신당동 311-25 부근 인도,5
상인동 1536-12 횡단보도,5
상인동 1598 부근 횡단보도,5
상인동 1507 교차로모퉁이,5
용산동 420 부근 소화전,5
두류동 495-3 부근 횡단보도,5
송현동 633 부근 인도,5
진천동 523-2 부근,5
죽전동 270-26 부근 소화전,5
신당동 1749-6 부근 횡단보도,5
장기동 812 부근,5
감삼동 당산로 167-6 부,5
상인동 1556-2 부근 인도,5
성당동 261-7 부근 횡단보도,5
본리동 74-1 부근 교차로모퉁이,5
대곡동 1150 부근 횡단보도 정지선,5
월성동 559-2 부근 인도,5
두류동 147-5 부근 인도,5
이곡동 1198-6 부근 횡단보도,5
유천동 597 부근 황색복선,5
상인동 1521-1 횡단보도,5
상인동 1526 교차로모퉁이,5
호림동 483-2 부근 인도,5
호산동 717 부근 횡단보도,5
감삼동 577-5 부근 교차로모퉁이,5
성당동 826-9 부근 횡단보도,5
성당동 714 부근 인도,5
이곡동 1245 부근 인도,5
성당동 428-12 부근 횡단보도,5
송현동 학산로 215-3 부,5
월암동 913 부근,5
성당동 824 부근 인도,5
상인동 1579 부근 횡단보도,5
용산동 860-8 부근 교차로모퉁이,5
감삼동 143-1 부근 횡단보도,5
상인동 1108-8 교차로모퉁이,5
장기동 달구벌대로283길,5
이곡동 890-2 부근,5
신당동 401-2 부근 인도,5
성당동 827-3 부근 횡단보도,5
죽전동 275-3 부근 인도,5
본리동 64-4 부근 인도,5
효성초등학교,5
월성동 1196 부근 횡단보도,5
이곡동 1222-7 부근 횡단보도,5
본리동 1205-2 부근 인도,5
두류동 100-11 부근 인도,5
두류동 2348 부근 교차로모퉁이,5
대곡동 946 부근 교차로모퉁이,5
월성동 월곡로 509 부근,5
대곡동 1021-4 부근,5
성당동 750-2 부근 교차로모퉁이,5
두류동 108-26 부근 인도,5
송현동 1914-11 부근 인도침범,5
장기동 550-11 부근 인도,5
본리동 145-2 부근 인도,5
성당동 804-7 부근 횡단보도,5
성당동 726-1 부근 횡단보도,5
대천동 511-1 부근,5
유천동 120-1 부근 횡단보도,5
송현동 289-3 부근 횡단보도정지선,5
본리동 62-5 부근 인도,5
신당동 1749 부근 횡단보도,5
송현동 1991-10 부근 교차로모퉁이,5
신당동 1736-2 부근 횡단보도,5
상인동 1272-4 부근,5
월성동 1139-2 부근,5
상인동 1552 부근,5
호산동 721 부근 교차로모퉁이,5
상인동 1527-5 부근 횡단보도,5
감삼동 436-6 부근 횡단보도,5
용산동 417 부근 황색복선,5
성당동 829-16 부근 인도,5
본리동 388-1 부근 인도,5
감삼동 358 부근 횡단보도,5
진천동 779-1 부근 교차로 모퉁이,5
상인동 1580-1 부근 횡단보도,5
이곡동 1243 부근 이중주차,5
장기동 9-7 부근,5
이곡동 1317 부근 소화전,5
감삼동 461 부근,5
용산동 939-9 부근 횡단보도,5
용산동 912 부근 인도,5
용산동 855 부근,5
상인동 1551-2 횡단보도 정지선,5
성당동 521-24 부근 교차로모퉁이,5
상인동 1528-4 부근 횡단보도,5
용산동 230-3 부근 교차로모퉁이,5
용산동 881 부근 어린이보호구역,5
대곡동 1150 부근 교차로모퉁이,5
대곡동 1043 부근 소화전,5
성당동 567-8 부근 횡단보도,5
용산동 230-21 부근 인도,5
성당동 260-1 부근 횡단보도,5
대곡동 19-45 부근 교차로 모퉁이,5
감삼동 357 부근 버스정류소,5
용산동 930-2 부근 인도,5
상인동 1458-34 부근 횡단보도,5
상인동 1510 횡단보도,5
죽전동 270-26 부근,5
용산동 230-11 부근,5
본리동 425 부근 인도,5
송현서부정류장출입구,5
월성동 1846 부근 횡단보도,5
두류동 1298 부근 버스정류소,5
상인동 1103-3 부근 인도,5
대곡동 1163 부근 횡단보도,5
두류동 825-26 부근 횡단보도,5
진천동 576-4 부근,5
월성동 535-3 부근 횡단보도,5
본리동 554-1 부근 인도,5
두류동 493-5 부근 인도,5
상인동 1554-4 횡단보도,5
상인동 1536-11 부근 인도,5
두류동 742-3 부근 버스정류소,5
진천동 555-13 부근 횡단보도,5
두류동 135-9 부근 인도,5
용산동 977 부근 안전지대,5
월성동 1190-1 부근,5
두류동 야외음악당로39안,5
두류동 1339 부근 인도,5
성당동 536-3 부근 소화전,5
진천동 839 부근 인도,5
상인동 1552-4 부근,5
죽전동 270-26 부근 교차로모퉁이,5
성당동 490-1 부근 횡단보도,5
본리동 125-1 부근 횡단보도,5
호산동 713-6 부근 횡단보도,5
장기동 551 부근 교차로모퉁이,5
유천동 582부근 횡단보도,5
진천동 482-45 부근 인도,5
죽전동 341-1 부근 교차로모퉁이,5
죽전동 266-10 부근 인도,5
송현동 61-16 부근,5
송현동 193-1 부근 횡단보도,5
두류동 75-15 부근 인도,5
용산동 441 부근 횡단보도,5
월성동 1899 부근 횡단보도 정지선,5
감삼동 563-15 부근 횡단보도,5
감삼동 456-7 부근 횡단보도,5
상인동 871-6 인도침범,5
본리동 84-2 부근 교차로모퉁이,5
대천동 조암남로 101 부,5
두류동 825-10 부근 어린이보호구역,5
이곡동 1224 부근 인도,5
죽전동 363-34 부근 소화전,5
대천동 459-2 부근 교차로모퉁이,5
진천동 238-8 부근,5
용산동 977 부근 교차로모퉁이,5
송현동 2012-2 부근,5
성당동 208-12 부근 소화전,5
성당동 654-20 부근 횡단보도,5
성당동 116-16 부근 인도,5
송현동 2013-15 부근 횡단보도,5
이곡동 1197 부근 횡단보도,5
송현동 2015-2 부근,5
이곡동 1220-8 부근 교차로모퉁이,5
성당동 52-39 부근 교차로모퉁이,5
용산동 960 부근,5
용산동 929 부근,5
성당동 260-4 부근 횡단보도,5
송현동 533-3 부근,5
상인동 월곡로 135-14 부,5
용산동 230-39 부근,5
용산동 230-17 부근,5
진천동 545-17 부근,5
유천동 621 부근 횡단보도 정지선,5
도원동 1462-6 부근 교차로모퉁이,5
이곡동 1188-1 부근 횡단보도,5
대명동 성당로 188 부근,5
이곡동 1224-7 부근 인도,5
본리동 402-1 부근 교차로모퉁이,5
이곡동 1354 부근 인도,5
대곡동 1150 부근 인도,5
월암동 1157 부근,5
성당동 838 부근 횡단보도정지선,5
도원동 573-1 부근,5
두류동 620-1 부근 횡단보도,5
진천동 581-1 부근 인도,5
성당동 489-4 부근 인도,5
송현동 월배로 441 부근,5
성당동 460-8 부근 소화전,5
성당동 155-9 부근 횡단보도,5
본리동 110-7 부근 횡단보도,5
용산동 854-1 부근 인도,5
유천동 588-3 부근 횡단보도,5
송현동 월배로 420 부근,5
송현동 월배로 403 부근,5
진천동 227-2 부근 교차로 모퉁이,5
송현동 207-12 부근 인도,5
도원동 1474 부근 교차로모퉁이,5
감삼동 473-5 부근 교차로모퉁이,5
상인동 1528 부근,5
상인동 1501 인도,5
상인동 180-10 부근,5
본리동 145-2 부근 횡단보도,5
도원동 1462-4 부근 교차로모퉁이,5
이곡동 1193 부근,5
장기동 1-11 부근 인도,5
성당동 428-13 부근 인도,5
유천동 599 부근,5
두류동 118-7 부근 횡단보도,5
장기동 550-8 부근,5
성당동 392-50 부근 인도,5
감삼동 599-69 부근 인도,5
송현동 1919-4 부근 교차로모퉁이,5
진천동 47-2 부근,5
성당동 825-16 부근 횡단보도,5
용산동 807 부근 인도,5
도원동 1463-4 부근 횡단보도,5
죽전동 201-1 부근 교차로모퉁이,5
이곡동 1202-1 부근,5
진천동 843 부근 교차로모퉁이,5
감삼동 563-3 부근 횡단보도,5
월성동 1846 부근 교차로모퉁이,5
송현동 2009-29 부근 교차로모퉁이,5
용산동 963 부근 인도,5
두류동 570-1 부근 횡단보도,5
월성동 1196 부근 인도,5
두류동 825-14 부근 어린이보호구역,5
대곡동 1141 부근 인도,5
송현동 2003 부근 횡단보도,5
송현동 2004-5 부근 횡단보도,5
진천동 700-1 부근,5
용산동 972 부근 소화전,5
두류동 2346 부근 교차로모퉁이,5
신당동 1723-16 부근 버스정류소,5
신당동 321-8 부근 인도,5
두류동 101-1 부근 횡단보도,5
월성동 674-9 부근,5
상인동 월배로39길 6 부,5
장기동 한들로 31 부근,5
용산동 230-5 부근 횡단보도정지선,5
이곡동 1220-3 부근 횡단보도,5
삼성명가부근,5
성당동 53-24 부근 인도,5
죽전동 180-14 부근 교차로모퉁이,5
유천동 46 부근,5
본동 967-1 부근 인도,5
진천동 732-3 부근 교차로 모퉁이,5
두류동 148-1 부근 인도,5
본리동 1208-6 부근 인도,5
성당동 828 부근 교차로모퉁이,5
성당동 829 부근 교차로모퉁이,5
용산동 972 부근 인도,5
이곡동 1247 부근 교차로모퉁이,5
죽전동 171-2 부근 인도,5
장기동 811-6 부근 횡단보도,5
도원동1462-9 부근,5
이곡동 1344 부근 소화전,5
진천동 595 부근 횡단보도,5
성당동 장기로5길 14 부,5
성당동 536-12 부근 인도,5
대곡동 1021-1 부근 교차로모퉁이,5
월성동 270-7 부근,5
용산동 881 부근 인도,5
송현동 283-9 부근 횡단보도,5
성당동 825-26 부근 횡단보도정지선,5
상인동 1556-2 인도침범,5
월성동 1261 부근,5
대천동 550-28 부근 소화전,5
본리동 1209-4 부근 인도,5
두류동 493-4 부근 인도,5
감삼동 102-15 부근 인도,5
송현동 205-30 부근,5
성당동 664 부근 버스정류소,5
두류동 597-4 부근 횡단보도,5
유천동 300-9 부근 인도,5
송현동 1968-5 부근 버스정류소,5
송현동 1991-7 부근 교차로모퉁이,5
죽전동 366-8 부근 인도,5
대천동 1042 부근 횡단보도,5
죽전동 278-15 부근 인도,5
송현동 295-84 부근 인도,5
송현동 195-7 부근 소화전,5
송현동 161 부근 횡단보도,5
본리동 1199-8 부근 횡단보도,5
대곡동 1034 부근 횡단보도,5
송현동 2004-5 부근,5
본동 산 32-4 부근 횡단보도,5
용산동 931-7 부근 횡단보도,5
용산동 880 부근 인도,5
성당동 750-2 부근 횡단보도,5
두류동 840-193 부근 인도,5
성당동 428-19 부근 인도,5
성당동 429-4 부근 인도,5
대곡동 1142 부근 횡단보도,5
상인동 1578-4 횡단보도,5
월성동 1502 부근,5
본동 1031-1 부근 버스정류소,5
송현동 2012-2 부근 횡단보도,5
진천동 517-1 부근 인도,5
이곡동 1307 부근,5
도원동 1462-5 부근 인도,5
송현동 2040 부근,5
감삼동 171-4 부근 인도,5
호림동 성서공단로 75 부,4
감삼동 61-9 부근 교차로모퉁이,4
도원동 1435-4 부근 교차로모퉁이,4
상인동 518-6 인도,4
송현동 1041-7 부근 인도,4
송현동 1919-4 부근 인도,4
장기동 180-23 부근 교차로모퉁이,4
유천동 118-4 부근 인도,4
용산동 461,4
월배초등학교부근,4
송현동 201-1 부근,4
상인동 1501 부근,4
월성동 1848 부근,4
대곡동 1029-2 부근 소화전,4
신당동 321-9 부근 인도,4
성당동 대명천로 34 부근,4
용산동 507-1 부근,4
본동 학산로19길 19 부근,4
진천동 713-24 부근 횡단보도,4
진천동 239-18 부근 교차로모퉁이,4
장기동 566-1 부근 인도,4
진천동 253-3 부근 횡단보도,4
두류동 495-45 부근 인도,4
이곡동 1214 부근 인도,4
죽전동 400부근,4
상인동 1572 부근 인도,4
장기동 848 부근 횡단보도정지선,4
진천동 482-45 부근,4
성당동 800-4 부근 횡단보도,4
송현동 2007-4 부근 인도,4
이곡동 1248-12 부근 교차로 모퉁이,4
상인동 1557-1 부근,4
죽전동 341부근,4
송현동 2014-2 부근,4
송현동 2006-20 부근,4
두류동 561-1 부근 소화전,4
진천동 130-7 부근,4
용산동 416-5 부근 교차로모퉁이,4
상인동 1556-2 부근,4
이곡동 1045-9 부근 인도,4
본리동 401-1 부근 인도침범,4
상인동 150-16 부근 횡단보도,4
이곡동 653-4 부근 인도,4
월성동 1823 부근 인도,4
본동 681-6 부근 횡단보도,4
장기동 848부근,4
이곡동 1190 부근,4
용산동 866부근,4
송현동 2011-40 부근,4
두류동 619-7 부근 횡단보도,4
본리동 1-3 부근 횡단보도,4
본리동 1-3 부근 황색복선,4
이곡동 1220-4 부근 교차로 모퉁이,4
성당동 392-55 부근 인도,4
대천동 909-6 부근 횡단보도,4
본리동 404-3 부근 횡단보도,4
용산동 935 부근 소화전,4
진천동 576-4 부근 인도,4
송현동 2014-2 부근 횡단보도,4
진천동 2-1 부근,4
송현동 월배로 317 부근,4
송현동 1037-1 부근,4
진천동 월배로 75 횡단보,4
본리동 401-4 부근 인도,4
월성협성휴포레옆삼거리,4
성당동 824 부근 교차로모퉁이,4
이곡동 1220-10 부근 횡단보도,4
도원동 1430-2 부근 횡단보도,4
이곡동 1193,4
진천동 572-7 부근 횡단보도,4
감삼동 577-3 부근 교차로모퉁이,4
본리동 550-1 부근 인도,4
용산동 855 부근 인도,4
죽전동 279-1 부근 교차로모퉁이,4
송현동 2006-9 부근,4
두류동 101-2 부근 인도,4
송현동 2011-9 부근 횡단보도,4
송현동 1976-11 부근 횡단보도,4
이곡동 1195 부근 소화전,4
성당동 828-14 부근 인도,4
도원동 1462-5 부근 버스정류소,4
성당동 489-19 부근 횡단보도정지선,4
장기동 551부근,4
본리동 1152 부근 버스정류소,4
감삼동 693-7 부근 인도,4
도원동 1442 부근,4
감삼동 549-8 부근 횡단보도,4
송현동 289-3 부근,4
송현동 160-1 부근 횡단보도,4
유천동 300-9 부근,4
두류동 131-18 부근 버스정류소,4
감삼동 305 부근 대각주차,4
성당동 830-30 부근 인도,4
상인동 1558 횡단보도 정지선,4
상인동 1565-9 부근 횡단보도,4
송현동 2035 부근 인도,4
송현동 1927-7 부근 인도침범,4
상인동 314-13 인도,4
장기동 812-1부근,4
장기동 548-14 부근,4
감삼동 305 부근,4
장기동 809부근,4
상인동 1550-8 횡단보도,4
성당동 460-5 소화전,4
두류동 866-39 부근 횡단보도,4
호산동 호산동로 82 부근,4
신당동 1721-10 부근 교차로모퉁이,4
상인초등학교 부근,4
도원동 1464 부근 교차로모퉁이,4
두류동 493-7 부근 황색복선,4
송현동 530-6 부근 인도,4
진천동 523-2 부근 교차로모퉁이,4
이곡동 1220-8 부근 교차로 모퉁이,4
성당동 214-2 부근 횡단보도,4
감삼동 123 부근 교차로모퉁이,4
송현동 56-2 부근 인도,4
용산동 962부근,4
두류동 1108-29 부근 인도,4
진천동 57-6 부근 인도,4
상인동 1548-4 횡단보도,4
본리동 1220 부근 황색실선,4
진천동 290-16 부근 황색실선,4
감삼동 703 부근 횡단보도,4
용산동 899 부근,4
월성동 1380 부근 소화전,4
두류동 828-19 부근 인도,4
성당동 665-4 부근 횡단보도정지선,4
상인동 1525-1 부근 횡단보도,4
송현동 1950-20 부근 횡단보도,4
상인동 상인로 24 부근,4
용산동 500부근,4
월성동 1882 부근 횡단보도 정지선,4
대동시장 부근 횡단보도,4
상인동 1582-3 버스정류소,4
진천동 238-23 부근,4
이곡동 1309 부근 교차로 모퉁이,4
용산동 906 부근 인도,4
진천동 809-77 부근,4
죽전동 366-11 부근 인도,4
성당동 263-1 부근 인도,4
월성동 1863 부근,4
두류동 472-8 부근 인도,4
두류동 147-7 부근 인도,4
도원동 1463-5 부근 교차로 모퉁이,4
두류동 120-12 부근 버스정류소,4
본리동 1208-6 부근 버스정류소,4
신당동 1723-9 부근 교차로모퉁이,4
두류동 780-6 부근 횡단보도,4
두류동 89-27 부근 인도,4
장기동 813-6 부근 버스정류소,4
성당동 695-104 부근 횡단보도,4
두류동 776-11 부근 교차로모퉁이,4
본리동 1199-1 부근 버스정류소,4
죽전동 279-1 부근,4
두류동 1184-4 부근 교차로모퉁이,4
송현동 1951-4 부근,4
신서초등학교부근,4
본동 694-1 부근,4
본동 1136-1 부근 교차로모퉁이,4
두류동 825-20 부근 황색실선,4
용산동 215-33 부근 인도,4
이곡동 1346 부근,4
월성동 1261-6 부근,4
진천동 507-21 부근 횡단보도,4
용산동 413 부근 교차로모퉁이,4
감삼동 693-7 부근 교차로모퉁이,4
호림동 28 부근 교차로모퉁이,4
유천동 622 부근 교차로 모퉁이,4
상인동 1582 부근 횡단보도,4
진천동 월배로 76,4
상인동 1507 부근 횡단보도,4
송현동 295-102 부근 횡단보도,4
죽전동 270-29 부근 교차로모퉁이,4
두류동 1107-2 부근 인도,4
죽전동 275-6 부근 인도,4
성당동 695-30 부근 횡단보도정지선,4
상인동 171-1 횡단보도,4
월성동 1882 부근 모퉁이,4
도원동 573-1 부근 인도,4
송현동 950-9 부근 횡단보도정지선,4
본리동 1220부근 소화전,4
성당동 829 부근 횡단보도,4
월성동 1882 부근 부근 횡단보도,4
진천동 595 부근 인도,4
송현동 월배로65안길 70,4
상인동 1559 버스정류소,4
두류동 110-14 부근 인도,4
이곡동 1332 부근 횡단보도,4
송현동 109-6 부근,4
용산동902-1 부근,4
이곡동 1000-221,4
성당동 566-4 부근 횡단보도,4
송현동 275-6 부근 교차로모퉁이,4
감삼동 68-7 부근 인도,4
송현동 1920-8 부근 인도,4
용산동 978부근,4
신당동 1788-6 부근 교차로모퉁이,4
신당동 1789 부근 버스정류장,4
이곡동 1196-11 부근 인도,4
상인동 1157-14 부근,4
장기동 537-2 부근 인도,4
본리동 193-3 부근 황색실선,4
진천동 645-4 부근 인도,4
진천동 774-3 부근 횡단보도,4
상인동 77-12 횡단보도 정지선,4
진천동 상화로 99 부근,4
용산동 934-7 부근 교차로모퉁이,4
송현동 798-9 부근,4
이곡동 1326 부근 교차로모퉁이,4
두류동 471-12 부근 인도,4
상인동 1530-1 부근,4
성당동 260-1 부근 교차로모퉁이,4
진천동 608-4 부근,4
감삼동 461 부근 소화전,4
월성동 363 부근 인도,4
이곡동 1215 부근 횡단보도,4
상인동 1555-1 부근 횡단보도,4
본리동 352-4 부근 인도,4
용산동 230-20부근,4
신당동 1748 부근 횡단보도,4
상인동 1594-2 횡단보도 정지선,4
대곡동 1029 부근 횡단보도,4
상인동 1554-4 횡단보도정지선,4
상인동 1524 횡단보도정지선,4
성당동 570-7 부근 횡단보도,4
본리동 384-3 부근 인도,4
죽전동 382 부근 횡단보도 정지선,4
장기동 566-11 부근 인도,4
상인동 1551-2 인도침범,4
용산동 976 부근 횡단보도,4
본리동 370-1 부근 횡단보도,4
죽전동 339 부근 인도,4
죽전동 273-6 부근 인도,4
대천동 555 부근 소화전,4
장기동 1-11 부근,4
상인동 1401-11 교차로모퉁이,4
본리동 444-3 부근 인도,4
성당동 53-1 부근 횡단보도정지선,4
두류동 1192-69 부근 인도,4
본동 760 부근 인도,4
대곡동 1155 부근,4
신당동 1840 부근 교차로모퉁이,4
감삼동 336-4 부근 어린이보호구역,4
신당동 1696 부근 교차로모퉁이,4
성당동 116-2 부근 인도,4
신당동 556 부근 횡단보도,4
죽전동 273-9 부근 인도,4
성당동 829 부근 황색복선,4
송현동 1932-5 부근 인도,4
감삼동 657-12 부근 교차로모퉁이,4
본동 935-1 부근 횡단보도,4
월성동 714 부근 어린이보호구역,4
용산동 500 부근 소화전,4
성당동 826-10 부근 교차로모퉁이,4
본동 1138 부근 인도,4
장기동 548-14 부근 횡단보도 정지선,4
감삼동 280-7 부근 인도,4
월성동 1541-1 부근 횡단보도,4
이곡동 541-4 부근 인도,4
진천동 230-8 부근 인도,4
진천동 839-2 부근,4
용산동 854 부근 소화전,4
대곡동 15-5 부근 횡단보도,4
성당동 277-18 부근 인도,4
대곡동 1012 부근 횡단보도,4
월성동 1180 부근,4
용산동 959 부근,4
월성동 1190 부근 횡단보도,4
상인동 1572 부근 횡단보도,4
본리동 1151-31 부근 횡단보도,4
본리동 1152 부근,4
송현동 1948-4 부근 횡단보도,4
신당동 1818-7 부근 횡단보도,4
본리동 647-1 부근 교차로모퉁이,4
두류동 492-18 부근 횡단보도,4
용산동 971 부근 인도,4
감삼동 600-20 부근 인도,4
유천동 120-7 부근 횡단보도,4
이곡동 1188 부근 소화전,4
용산동 958-8 부근 인도,4
이곡동 1220-7 부근 횡단보도,4
감삼동 708 부근 횡단보도,4
신당동 556 부근,4
송현동 2007-37 부근,4
두류동 2346 부근 황색실선,4
신당동 1761-2 부근 버스정류소,4
장기동 811-1 부근 횡단보도 정지선,4
도원동 1439 부근 인도,4
감삼동 62-10 부근 버스정류소,4
진천동 218-1 부근,4
유천동 597 부근,4
상인역2번출구 인도,4
죽전동 366-14 부근 소화전,4
상인동 1500 부근,4
용산동 973 부근,4
상인동 월곡로27길 53 부,4
성당동 828-14 부근 횡단보도정지선,4
죽전동 275-2 부근 인도,4
월성동 1423 부근 인도,4
본리동 1199-8 부근 인도,4
상인동 1528 횡단보도,4
대동시장네거리 횡단보도 정지선,4
두류동 1336-1 부근 인도,4
이곡동 1248-13 부근 인도,4
감삼동 360 부근 소화전(일반),4
두류동 146-7 부근 횡단보도,4
진천동 700 부근,4
두류동 1294 부근 인도,4
상인동 1500 횡단보도 정지선,4
송현동 798-1 부근 인도,4
본리동 317-3 부근 황색복선,4
송현동 130-4 부근,4
죽전동 218-11 부근 교차로모퉁이,4
감삼동 65-4 부근 횡단보도,4
장기동 180-45 부근 버스정류소,4
상인동 월배로 183 부근,4
두류동 493-1 부근 교차로모퉁이,4
월성동 1184-2 부근 횡단보도,4
용산동 442-8 부근 소화전,4
상인동 1402 교차로모퉁이,4
두류동 495-1 부근 인도,4
본동 616-4 부근 인도,4
성당동 750-2 부근 인도,4
송현동 1991-19 부근,4
두류동 70-19 부근 횡단보도,4
송현동 205-1 부근,4
송현동 1932-5 부근,4
성당동 391-5 부근 횡단보도,4
유천동 300-6 부근 인도,4
이곡동 1000-194 부근 인도,4
장기동 813-1 부근,4
송현동 1930-18 부근,4
신당동 1782-5 부근 횡단보도,4
상인동 1589 인도,4
월성동 277-4 부근,4
월성동 790-1 부근 교차로모퉁이,4
진천동 월배로 102,4
두류동 487-18 부근 황색실선,4
두류동 488-22 부근 황색실선,4
본리동 166-16 부근 횡단보도,4
이곡동 1000-190 부근 인도,4
용산동 산 24-10 부근,4
용산동 902-1 부근,4
감삼동 577 부근 교차로모퉁이,4
이곡동 1251 부근,4
송현동 950-9 부근 횡단보도,4
용산동 977 부근 황색실선,4
장기동 818-10 부근 횡단보도,4
송현동 산 79-2 부근,4
월성동 1899 부근 횡단보도정지선,4
죽전동 382-2 부근 횡단보도,4
송현동 530-25 부근,4
송현동 109-4 부근,4
용산동 958-14 부근 소화전,4
호산동 357-109 부근,4
진천동 545-2 부근,4
장기동 551 부근 횡단보도정지선,4
본동 1135-3 부근 인도,4
두류동 1106-20 부근 횡단보도,4
신당동 1804 부근 횡단보도,4
상인동 1579 횡단보도,4
대곡동 1166 부근,4
신당동 1815,4
상인동 725-3 인도,4
성당동 570-7 부근 횡단보도정지선,4
이곡동 1247 부근 교차로 모퉁이,4
상인동 1456-53 횡단보도,4
용산동 971 부근,4
본리동 1205-1 부근 횡단보도,4
죽전동 171-1 부근 인도,4
진천동 106-14 부근 인도,4
용산동 417부근,4
용산동 917 부근 횡단보도 정지선,4
송현동 194-2 부근 인도침범,4
송현동 316-1 부근 교차로모퉁이,4
이곡동 1202-11 부근 인도,4
파호동 89 부근 버스정류소,4
이곡동 905-5 부근 횡단보도,4
성당동 657-2 부근 교차로모퉁이,4
상인동 1475 횡단보도,4
두류동 150-1 부근 인도,4
성당동 202-23 부근 인도,4
성당동 498-8 부근 인도,4
장기동 150-1 부근 횡단보도,4
죽전동 265-7 부근 인도,4
성당동 52-38 부근 인도,4
상인동 1554 횡단보도 정지선,4
진천동 57-3 부근 인도,4
상인동 1421-3 횡단보도,4
진천동라온프라이빗부근,4
용산동 947-17 부근,4
신당동 1660-2 부근 횡단보도,4
감삼동 496 부근 횡단보도 정지선,4
본리동 336 부근 횡단보도,4
이곡동 1198 부근 인도,4
신당동 1761-9 부근 횡단보도,4
도원동 1464 부근 횡단보도,4
성당동 380-5 부근 인도,4
이곡동 1244-6 부근 교차로 모퉁이,4
감삼동 305-1 부근 인도,4
용산동 208-5 부근 소화전,4
대천동 457-5 부근 횡단보도,4
용산동 930-3 부근 인도,4
유천동 599 부근 황색복선,4
상인동 1108-8 횡단보도정지선,4
용산동 928 부근,4
신당동 455 부근 횡단보도,4
용산동 997 부근,4
용산동 529-8 부근 소화전,4
상인동 1511 교차로모퉁이,4
용산동 달구벌대로 1476,4
본리동 317-3 부근 횡단보도정지선,4
본리동 2-16 부근 횡단보도,4
감삼동 707 부근 횡단보도,4
성당동 834 부근 교차로모퉁이,4
본리동 127-5 부근 횡단보도,4
상인동 1557-1 횡단보도,4
상인동 1557 부근,4
감삼동 65-5 부근 횡단보도,4
본리동 64-5 부근 횡단보도,4
진천동 833-24 부근 인도,4
성당동 825-22 부근 인도,4
대곡동 1080-1 부근 횡단보도,4
상인동 193-3 부근,4
이곡동 1305 부근 교차로 모퉁이,4
이곡동 1224-3 부근 횡단보도,4
월성동 1551 부근,4
월성동 1140 부근,4
대곡동 1106 부근 어린이보호구역,4
감삼동 24-41 부근 교차로모퉁이,4
감삼동 560 부근 인도,4
용산동 455-9 부근 교차로모퉁이,4
성당동 482-1 부근 횡단보도,4
월성동 1828 부근 인도,4
송현동 1959-3 부근 인도,4
두류동 1282-3 부근 횡단보도,4
상인동 월곡로 136 부근,4
이곡동 1357 부근 교차로 모퉁이,4
상인동 1442-4 횡단보도,3
상인동 1536 부근 인도,3
송현동 194-1 부근 인도,3
장기동 200 부근 인도,3
유천동 120-7 부근 인도,3
성당동 803-1 부근 인도,3
감삼동 146-40 부근 인도,3
용산동 968 부근 교차로모퉁이,3
용산동 528 부근 횡단보도,3
감삼동 549-8 부근 인도,3
진천동 518-1 부근 인도,3
송현동 1037-1 부근 교차로모퉁이,3
죽전동 277-5부근,3
성당동 632-7 부근 횡단보도,3
대곡동 1069-3 부근 황색복선,3
두류동 135-14 부근 인도,3
성당동 833-1 부근 횡단보도,3
두류동 113-17 부근 교차로모퉁이,3
이곡동 1307 부근 버스정류소,3
성당동 265-1 부근 교차로모퉁이,3
이곡동 1220-12 부근 횡단보도 정지선,3
감삼동 499-3 부근 인도,3
죽전동 와룡로56길 38 부,3
성당동 395-14 부근 인도,3
용산동 502 부근 횡단보도,3
상인동 1557-2 부근 인도,3
본리동 1150 부근 모퉁이,3
월성동 807-1 부근 인도,3
본리동 76-2 부근 교차로모퉁이,3
상인자이앞네거리,3
이곡동 1305 부근,3
장기동 550-12 부근 인도,3
상인동 77-12 부근,3
진천동 571-6 부근 인도,3
진천동 595-57 부근 횡단보도,3
상인동 1504 교차로모퉁이,3
상인동 1509 횡단보도 정지선,3
유천동한솔초등학교부근,3
장기동 47-3 부근,3
이곡동 654-6 부근 인도,3
상인동 1517 횡단보도,3
유천동 298-1 부근 소화전,3
이곡동 1220-17 부근 횡단보도,3
도원동 973-12 부근 인도,3
용산동 856 부근,3
송현동 316-2 부근 교차로모퉁이,3
상인동 1509 교차로모퉁이,3
송현동 1948-23 부근 횡단보도,3
대곡동 1126 부근 횡단보도,3
도원동 677-1 부근,3
송현동 2020 부근,3
상인동 1530 횡단보도,3
용산동 854 부근,3
죽전동 363-34 부근,3
용산동 215-35 부근,3
성당동 536-12 부근 소화전,3
장기동 173-22 부근 인도,3
감삼동 360-4 부근 횡단보도,3
호산동 382 부근 횡단보도,3
진천동 227-2 부근 황색실선,3
성당동 832-1 부근 인도,3
성당동 대명천로19길 10,3
유천동 98 부근 인도,3
상인동 1458-25 부근,3
본동 805-2 부근 소화전,3
신당동 1666-11 부근 인도,3
본리동 433 부근,3
유천동 610 부근,3
이곡동 1190 부근 교차로 모퉁이,3
죽전동 275-4 부근 인도,3
신당동 1721-17 부근 인도,3
대천동 1035 부근 횡단보도,3
진천동 619-10 부근 대각주차,3
송현동 1927-15 부근 교차로모퉁이,3
본리동 1205 부근 인도,3
호산동 357-109 부근 횡단보도,3
용산동 526 부근 횡단보도,3
신당동 321-2 부근 인도,3
두류동 1253-34 부근 인도,3
본리동 1150-39 부근 횡단보도,3
진천동 506-3 부근 횡단보도,3
성당동 570-8 부근 횡단보도,3
감삼동 563-15 부근 인도,3
본리동 370-2 부근 횡단보도,3
감삼동 455-11 부근 횡단보도,3
두류동 135-13 부근 인도,3
신당동 1677-9 부근 횡단보도,3
두류동 1273-60 부근 인도,3
본동 606-1 부근 횡단보도,3
두류동 779-5 부근 횡단보도,3
감삼동 당산로 99,3
성당동 641-2 부근 인도,3
감삼동 280-5 부근 인도,3
진천동 504-11 부근 횡단보도,3
이곡동 1211 부근 교차로모퉁이,3
상인동 890 부근,3
성당동 750-2 부근,3
두류동 당산로36길 3-9,3
대천동 486-23 부근,3
진천동 523-12 부근 버스정류소,3
성당동 828 부근 인도,3
신당동 1793 부근 버스정류장,3
대천동 536-1 부근 인도,3
상인동 1557 횡단보도,3
이곡동 1346 부근 횡단보도정지선,3
송현동 구마로 246 부근,3
진천동 79-18 부근 횡단보도,3
이곡동 1220-15 부근 인도,3
송현동 629-1 부근,3
용산동 959-1 부근 인도,3
송현동 1977-9 부근,3
두류동 147-2 부근 인도,3
신당동 1721 부근 횡단보도,3
감삼동 102-8 부근 횡단보도,3
두류동 2348 부근 소화전,3
두류동 117-17 부근 소화전,3
감삼동 102-7 부근 인도,3
용산동 972 부근 횡단보도,3
송현동 1914-2 부근,3
송현동 1968-5 부근,3
송현동 1914-5 부근,3
신당동 311-30 부근 횡단보도,3
성당동 750-1 부근 횡단보도,3
성당동 434-3 부근 인도,3
월성동 1146-11 부근 황색실선,3
두류동 533-9 부근 버스정류소,3
송현동 56-5 부근 인도,3
두류동 828-57 부근 횡단보도,3
장기동 811-7 부근,3
송현동 187-4 부근 인도,3
장기동 812-1 부근 횡단보도정지선,3
월성동 학산로2길 11 부,3
송현동 220-1 부근 인도,3
호산동 357-108 부근,3
상인동 1439-5 교차로모퉁이,3
월성동 1196-3 부근 횡단보도,3
용산동성산초등학교앞,3
진천동 608-4 부근 인도,3
용산동 230-24 부근,3
월성동 산 6-4 부근 횡단보도,3
장기동 849 부근,3
본리동 1-9 부근 인도,3
상인동 1511 부근 횡단보도,3
월성동 1837 부근 인도,3
죽전동 171-14 부근 인도,3
본리동 88-4 부근 인도,3
월성동 1142-6 부근,3
성당동 282 부근 소화전,3
상인동 1552-6 횡단보도,3
상인동 1558 횡단보도정지선,3
진천동 490-3 부근 교차로 모퉁이,3
성당동 구마로,3
본동 1135 부근 인도,3
용산동 855 부근 소화전,3
호산동 388 부근 소화전,3
장기동 46-4 부근 인도,3
상인동 319-6 횡단보도,3
죽전동 200-13 부근 인도,3
두류동 1338 부근 횡단보도 정지선,3
진천동 554-5 부근 소화전,3
파호동 5-1 부근 교차로 모퉁이,3
두류동 1336-1 부근 교차로모퉁이,3
신당동 1804-7 부근 인도,3
이곡동 702 부근 인도,3
이곡동 1220-5 부근 인도,3
송현동 207-1 부근,3
상인동 1522 교차로모퉁이,3
상인동 1531 부근,3
진천동 829 부근 소화전,3
두류동 706-20 부근 횡단보도,3
본리동 659-2 부근 인도,3
두류동 480-4 부근 버스정류소,3
유천동 537-6 부근,3
성당동 695-30 부근 인도,3
진천동 244-5 부근 인도,3
용산동 855-22 부근 인도,3
신당동 1723-13 부근 인도,3
진천동 839-2 부근 인도,3
성당동 481-2 부근 횡단보도,3
상인동 월곡로 155 부근,3
도원동 1429 부근 교차로모퉁이,3
도원동 1435-4 부근,3
장기동 550-1 부근 인도,3
신당동 1784-17 부근 횡단보도,3
이곡동 538-5 부근 소화전,3
진천동 608-4 부근 횡단보도 정지선,3
신당동 572 부근 교차로모퉁이,3
진천동 554-5 부근,3
죽전동 180-1 부근 인도,3
용산동 222-7 부근,3
이곡동 1251 부근 교차로 모퉁이,3
진천동 659-8 부근 횡단보도,3
송현동 1958-9 부근 인도,3
월성동 1863 부근 교차로모퉁이,3
성당동 52-27 부근 인도,3
진천동 2-23 부근 교차로모퉁이,3
상인동 54 부근 인도,3
진천동 562-4 부근 인도,3
성당동 824-82 부근,3
진천동 526-1 부근 횡단보도,3
본리동1220 부근 인도,3
송현동 2006-20 부근 인도,3
본동 산 32-4 부근 인도,3
본동 867 부근 인도,3
용산동 880 부근 어린이보호구역,3
성당동 825-26 부근 횡단보도,3
이곡동 1220-9 부근 횡단보도,3
월성동 283-2 부근 소화전,3
송현동 산 79-2 부근 횡단보도,3
송현동 1033-7 부근 교차로모퉁이,3
감삼동 358 부근 인도,3
신당동 달구벌대로  1095,3
용산동 594-5 부근 인도,3
월성동 1341-10 부근,3
송현동 2007-3 부근,3
진천동 833-26 부근,3
진천동 831-7 부근,3
진천동 545-17 부근 소화전,3
두류동 532-7 부근 횡단보도,3
송현동 127-1 부근,3
송현동 110 부근,3
죽전동 270-28 부근,3
대곡동 1089 부근 교차로모퉁이,3
용산동 917 부근 인도,3
상인동 1332-17 교차로모퉁이,3
두류동 1192-66 부근 인도,3
호산동 400-8 부근 교차로모퉁이,3
성당동 825-23 부근 인도,3
성당동 265-7 부근 인도,3
성당동 670-31 부근 횡단보도,3
송현동 2014-4 부근 교차로모퉁이,3
감삼동 682-1 부근 교차로모퉁이,3
상인동 1537 부근 인도,3
두류동 631-13 부근 교차로모퉁이,3
두류동 1254-9 부근 인도,3
송현동 220-3 부근 인도,3
진천동 595-62 부근 횡단보도 정지선,3
용산동 498-3 부근 횡단보도,3
본리동 156-1 부근 인도,3
장기동 810-2 부근  버스정류소,3
두류동 148-3 부근 인도,3
본리동 433 부근 횡단보도정지선,3
두류동 547,3
본리동 184-7 부근 황색실선,3
용산동 937 부근,3
송현동 220-1 부근 횡단보도,3
성당동 222-7 부근 횡단보도,3
호림동 28 부근 인도,3
용산동 948 부근 인도,3
성당동 695-52 부근 인도,3
진천동 15-1 부근,3
본리동 425 부근 횡단보도,3
월성동 1868 부근 횡단보도,3
상인동 228-26 교차로모퉁이,3
송현동 2021 부근,3
진천동 603 부근 교차로 모퉁이,3
두류동 1198-24 부근 횡단보도,3
용산동 415 부근 횡단보도 정지선,3
장기동 762부근 인도,3
진천동 555-13 부근,3
송현동 2007 부근,3
유천동 644 부근 안전지대,3
본리동 554 부근 횡단보도,3
상인동 1501 부근 횡단보도,3
장기동 550-10 부근 인도,3
감삼동 702 부근 인도,3
도원동 1396-37 부근 횡단보도,3
이곡동 1220-17 부근 인도,3
본리동 75-1 부근 횡단보도 정지선,3
상인동 1524 횡단보도 정지선,3
성당동 828 부근,3
송현동 2011-9 부근 인도,3
이곡동 1267 부근 인도,3
송현동 61-6 부근 교차로모퉁이,3
장기동 812-1 부근 교차로모퉁이,3
진천동 월배로 107 부근,3
상인동 1536-11 인도,3
상인동 1177-9 부근,3
상인동 250-9 인도,3
감삼동 314-28 부근 횡단보도,3
감삼동 438-7 부근 인도,3
본동 구마로 34 부근,3
용산동 222-7 부근 횡단보도,3
호림동 29 부근 횡단보도,3
이곡동 성서서로 316 부,3
상인동 877-10 횡단보도,3
두류동 807-8 부근 인도,3
대천동 555-1 부근 인도,3
죽전동 279-1 부근 인도,3
월성동 190-10 부근,3
상인동 1559 교차로모퉁이,3
진천동 상화로9길 6 부근,3
진천동 730-2 부근,3
진천동 840 부근 황색복선,3
진천동 92-9 부근 인도,3
상인동 150-21 횡단보도,3
상인동 818 부근 횡단보도,3
장기동 산 7-1 부근,3
이곡동 1251 부근 소화전,3
용산동 929 부근 횡단보도,3
신당동 1697-1 부근 소화전,3
장기동 846 부근 횡단보도정지선,3
감삼동 358 부근 횡단보도 정지선,3
신당동 1659,3
송현동 798-243 부근 인도,3
상인동 1557-2 부근,3
상인동 877-5 부근 인도,3
송현동 1035-4 부근 이중주차,3
성당동 630-1 부근 횡단보도,3
두류동 114-15 부근 횡단보도,3
두류동 487-7 부근 인도,3
이곡동 541-6 부근 인도,3
이곡동 1254 부근 소화전,3
성당동 636-2 부근 버스정류장,3
월성동 1847 부근 횡단보도 정지선,3
송현동 220-2 부근,3
송현동 1951-4 부근 인도,3
상인동 518-2 부근 인도,3
성당동 155-1 부근 횡단보도,3
용산동 416-5 부근 황색복선,3
신당동 1723-12 부근 인도,3
장기동 814-2 부근 횡단보도,3
도원동 1463-1 부근 횡단보도,3
월성동 조암남로16길 38,3
용산동 975 부근 횡단보도,3
이곡동 1272 부근 인도,3
송현동 1944-3 부근,3
유천동 120-7 부근,3
진천동 840 부근 인도,3
감삼동 599-1 부근 교차로모퉁이,3
본동 736 부근 인도,3
상인동 1571-1 부근,3
대곡동 1021-5 부근 횡단보도,3
상인동 1557 부근 인도,3
송현동 798-1 부근,3
두류동 1282-36 부근 횡단보도,3
두류동 807-60 부근 인도,3
월성동 1835 부근 어린이보호구역,3
두류동 1108-4 부근 횡단보도,3
두류동성남초등학교부근,3
송현동 160-1 부근,3
본리동 62-16 부근 인도,3
이곡동 1193 부근 횡단보도,3
용산동 935 부근 횡단보도,3
송현동 186-1 부근,3
두류동 1198 부근 횡단보도,3
본리동 193-3 부근 횡단보도,3
감삼동 473-1 부근 인도,3
상인동 1555-2 횡단보도,3
상인동 890 부근 인도,3
성당동 636-4 부근 인도,3
이곡동 1220-6 부근 인도,3
신당동 1659 부근 버스정류장,3
도원동 1396-331 부근 횡단보도,3
진천동 518 부근 인도,3
상인동 326-7 부근 인도,3
월성동 1899부근 어린이보호구역,3
이곡동 1269 부근 횡단보도,3
용산동 963 부근 소화전,3
송현동 2003 부근 인도,3
월성동 1142-6 부근 교차로모퉁이,3
상인동 1555-1 부근 교차로모퉁이,3
성당동 434-3 부근 횡단보도,3
송현동 187-1 부근 교차로모퉁이,3
상인동 1525-1 횡단보도정지선,3
월성동 1847 부근 황색복선,3
도원동 1433-5 부근 인도,3
성당동 155-1 부근 버스정류장,3
상인동 1536 교차로모퉁이,3
이곡동 1243 부근,3
감삼동 576-7 부근 소화전,3
상인동 1536-12 인도,3
용산동 선원로 278 부근,3
장기동 550-10 부근,3
이곡동 1306-4 부근 인도,3
이곡동 1356-1 부근 횡단보도,3
신당동 1695-21 부근 횡단보도,3
월암동 369 부근,3
용산동 803-7 부근 소화전,3
상인동 1551-1,3
상인동 1551-2 교차로모투이,3
상인동 1555-2 부근,3
두류동 70-19 부근 인도,3
송현동 1930-18 부근 인도,3
성당동 277-12 부근 인도,3
상인동 1553 부근 횡단보도,3
상인동 1517-1 횡단보도,3
감삼동 63-1 부근 교차로모퉁이,3
본동 962-1 부근 인도,3
신당동 1095-5 부근 횡단보도,3
송현동 530-25 부근 횡단보도,3
대곡동 1165 부근 횡단보도,3
상인동 1555 부근 버스정류소,3
상인동 1522 부근 횡단보도,3
본리동 110-6 부근 횡단보도,3
계대농협부근,3
진천동 235-9 부근 인도,3
도원동 973 부근 인도,3
상인동 1501 부근 교차로모퉁이,3
본리동 84-2 부근 횡단보도,3
호산동 386-19 부근 소화전,3
성당동 640-1 부근 횡단보도,3
장기동 812부근,3
상인동 518-2 인도침범,3
본동 680-3 부근 인도,3
본리동 1197 부근 횡단보도,3
장기동 814-1 부근 버스정류소,3
감삼동 576-7 부근 교차로모퉁이,3
이곡동 1196-5 부근 인도,3
감삼동 360-6 부근 인도,3
진천동 월배로 149-7,3
이곡동 538-5 부근 횡단보도,3
이곡동 1202-5 부근,3
유천동 621 부근 교차로 모퉁이,3
본리동 550-1 부근 교차로모퉁이,3
월성동 790-1 부근,3
감삼동 103-4 부근 교차로모퉁이,3
상인동 1431 교차로모퉁이,3
용산동 902 부근,3
송현동 186-1 부근 교차로모퉁이,3
감삼동 65-8 부근 인도,3
두류동 472-11 부근 인도,3
상인동 1527-4 부근 횡단보도,3
신당동 1668-7 부근 인도,3
상인동 1598 횡단보도,3
감삼동 564-9 부근 인도,3
성당동 490-3 부근 인도,3
대곡동 1043 부근 횡단보도,3
진천동 247-3 부근 소화전,3
성당동 393-16 부근 횡단보도,3
송현동 55-1 부근 교차로모퉁이,3
송현동 1042-5 부근 인도,3
감삼동 65-9 부근 인도,3
신당동 1745 부근 횡단보도,3
월성동 1839 부근 횡단보도정지선,3
상인동 1527-5 횡단보도 정지선,3
신당동 682-1 부근 인도,3
상인동 518-6 부근,3
장기동 209 부근 인도,3
성당동 630-2 부근 소화전,3
본동 276-1 부근 교차로모퉁이,3
감삼동 704 부근 인도,3
본리동 388-1 부근 교차로모퉁이,3
죽전동 180-18 부근 인도,3
송현동 110 부근 횡단보도,3
진천동 731-13 부근 인도,3
성당동 390-13 부근 인도,3
성당동 263-6 부근 인도,3
죽전동 170-20 부근 인도,3
성당동 398-10 부근 횡단보도,3
성당동 398-10 부근 인도,3
성당동 397-4 부근 횡단보도,3
송현동 1915-5 부근 인도,3
상인동 1537 부근,3
도원동 1463-7 부근,3
진천동 555-9 부근 횡단보도 정지선,3
신당동 1843 부근 인도,3
진천동 228-4 부근 교차로 모퉁이,3
두류동 1198-39 부근 횡단보도,3
성당동 395-6 부근 횡단보도,3
상인동 1592-2 부근 교차로모퉁이,3
감삼동 476-5 부근 횡단보도,3
죽전동 339 부근교차로모퉁이,3
대동시장네거리 횡단보도,3
송현동 1958-6 부근 횡단보도,3
도원동 1452 부근 횡단보도,3
이곡동 1220-14 부근 횡단보도,3
송현동 1968-5 부근 인도,3
감삼동 682-21 부근 횡단보도,3
신당동 1697-9 부근 인도,3
성당동 728-4 부근 인도,3
대천동 407-13 부근 교차로모퉁이,3
송현동 1911 부근 횡단보도,3
상인동 1-23 횡단보도,3
본리동 대명천로 148 부,3
유천동 582 부른 횡단보도,3
감삼동 456-6 부근,3
죽전동 218-1 부근 교차로모퉁이,3
이곡동 1200-5 부근 인도,3
이곡동 1242 부근 횡단보도,3
본동 762-2 부근 인도,3
용산동 985 부근,3
성당동 265-1 부근 횡단보도,3
죽전동 339-2 부근 인도,3
감삼동 455-8 부근 횡단보도 정지선,3
대곡동 1086 부근 인도,3
성당동 725 부근 교차로모퉁이,3
상인동 1559 부근 횡단보도,3
본리동 166-16 부근 교차로모퉁이,3
용산동 230-12 부근 인도,3
두류동 산 326-28 부근,3
대천동 481-3 부근 횡단보도,3
본리동 1207-1 부근 인도,3
도원동 1432-2 부근 인도,3
송현동 2018 부근 횡단보도,3
본리동 1222 부근 교차로모퉁이,3
두류동 493-2 부근 버스정류소,3
도원동 763-3 부근 횡단보도,3
장기동 768-45 부근,3
본리동 대명천로 119 부,3
이곡동 1224-4 부근 인도,3
성당동 282 부근 인도,3
유천동 46 부근 횡단보도,3
진천동 상화로5길 23 부,3
죽전동 201-7 부근 교차로모퉁이,3
호산동 716-10 부근 인도,3
용산동 955 부근 인도,3
신당동 572 부근 횡단보도,3
진천동 223-31 부근 소화전,3
죽전동 253-4 부근 황색실선,3
월성동 1262-1 부근 횡단보도,3
대천동 550-1 부근 인도,3
상인동 1348-2 인도,3
NH농협달성군지부 앞,3
월성동 1859 부근 인도,3
진천동 700-1 부근 소화전,3
두류동 491-9 부근 횡단보도,3
두류동 109-16 부근 인도,3
감삼동 456-6 부근 횡단보도 정지선,3
이곡동 1243 부근 교차로모퉁이,3
한양수자인101동앞,3
도원동 1463 부근 교차로모퉁이,3
용산동 969 부근,3
용산동 954 부근,3
호림동 22 부근 교차로 모퉁이,3
진천동 643-9 부근,3
두류동 494-4 부근 인도,3
상인동 1404 소화전,3
월성동 1143-6 부근 인도,3
송현동 100-1 부근 횡단보도,3
두류동 1337-30 부근 횡단보도,3
대천동 1045 부근 황색실선,3
죽전동 339 부근 횡단보도정지선,3
두류동 1192-48 부근 인도,3
도원동 도원로동길 10 부,3
감삼동 461 부근 황색복선,3
성당동 567-8 부근 인도,3
성당동 824-54 부근 횡단보도,3
감삼동 572-7 부근 교차로모퉁이,3
월성동 1499 부근 인도,3
진천동 604-17 부근 인도,3
장기동 812 부근 횡단보도,3
송현동 798-7 부근 버스정류소,3
월성동 535-3 부근 인도,3
감삼동 64-7 부근 인도,3
상인동 1507 횡단보도,3
두류동 2351 부근 황색실선,3
본리동 1220 부근 교차로모퉁이,3
신당동 1725-6 부근 교차로모퉁이,3
죽전동 와룡로52안길 69,3
장기동 361-9 부근 인도,3
상인동 1563-2 버스정류소,3
대천동 348-6 부근 황색실선,3
송현동 189-9 부근,3
이곡동 1354 부근 교차로 모퉁이,3
유천동 597 부근 교차로모퉁이,3
호산동 357-115 부근 횡단보도,3
죽전동 382 부근 교차로모퉁이,3
상인동 1533 횡단보도 정지선,3
이곡동 1224-4 부근 교차로모퉁이,3
도원동 777-5 부근 횡단보도,3
신당동 1845 부근 횡단보도,3
호산동 357-108 부근 횡단보도,3
상인동 1572 인도,3
대곡동 1012 부근,3
용산동 807부근,3
송현동 2013-15 부근,3
진천동 775-2 부근,3
성당동 278-2 부근 인도,3
감삼동 703 부근 교차로모퉁이,3
장기동 566-4 부근 인도,3
송현동 1990-29 부근,3
송현동 207-12 부근,3
진천동 561-5 부근,3
월성동 1570 부근 횡단보도,3
송현동 907-6 부근,3
대곡동 973 부근,3
진천동 월배로 50 부근,3
용산동 230-18 부근 횡단보도,3
두류동 1281-7 부근 횡단보도,3
대곡동 1021-1 부근 교차로 모퉁이,3
신당동 1723-17 부근,3
상인동 1514 횡단보도,3
송현동 124 부근 교차로모퉁이,3
송현동 1991-9 부근 횡단보도,3
성당동 72-21 부근 인도,3
두류동 1230-2 부근 황색실선,3
상인동 1551 부근 버스정류소,3
대천동 522-4 부근 인도,3
성당동 829-8 인도,3
도원동 1463-9 부근 횡단보도,3
파호동 86 부근 버스정류소,3
송현동 60-4 부근,3
두류동 532-7 부근 인도,3
파호동 89 부근 소화전,3
대곡동 1167 부근,3
본리동 352-5 부근 인도,3
본리동 83-10 부근 인도,3
용산동 413 부근,3
본리동 398 부근 인도,3
송현동 1927-5 부근,3
성당동 52-32 부근 인도,3
이곡동 1188-1 부근 교차로 모퉁이,3
상인동 1170 인도,3
신당동 1788-6 소화전,3
성당동 641-2 부근 횡단보도,3
송현동 1950-9 부근 횡단보도,3
유천동 비슬로 2731 부근,3
이곡동 1224-3 부근 인도,3
성당동 656-9 부근 인도,3
진천동 587-1 부근 횡단보도,3
감삼동 360-6 부근 교차로모퉁이,3
성당동 299 부근 인도,3
두류동 493-1 부근 횡단보도,3
죽전동 170-21 부근 교차로모퉁이,3
신당동 321-7 부근 인도,3
송현동 189-2 부근 인도,3
진천동 489-6 부근 인도,3
이곡동 1198-6 부근 인도,3
신당동 1734 부근 교차로모퉁이,3
신당동 1741-2 부근 교차로모퉁이,3
본리동 82-2 부근 인도,3
용산동 456 부근,3
송현동 2008-13 부근,3
이곡동 1211 부근 횡단보도,3
용산동 971 부근 소화전,3
진천동 586-1 부근 인도,3
감삼동 563-3 부근,3
농협하나로마트성서점,3
두류동 493-7 부근 인도,3
용산동 975 부근,3
진천동 290-15 부근 황색실선,3
진천동 293-14 부근 황색실선,3
월성동 1540-4 부근 인도,3
본리동 1151-25 부근 인도,3
죽전동 251 인도,3
상인동 1552-4 교차로모퉁이,3
이곡동 1222 부근 횡단보도,3
죽전동 211-1 부근 횡단보도,3
진천동 586-7 부근 교차로모퉁이,3
상인동 1442-4 교차로모퉁이,3
두류동 1290-1 부근 교차로,3
성당동 665-6 부근 버스정류소,3
진천동 239-17 부근 교차로모퉁이,3
두류동 135-3 부근 인도,3
이곡동 1344 부근,3
송현동 1927-17 부근 인도,3
송현동 1927-15 부근 인도,3
죽전동 366-9 부근 인도,3
대곡동 화암로73길 15 부,3
본동 240-3 부근 횡단보도,3
감삼동 564-12 부근 횡단보도,3
송현동 103-6 부근 횡단보도,3
본동 614-7 부근 인도,3
대곡동 산 155-21 부근,3
감삼동 100-5 부근 버스정류소,3
송현동 226-5 부근 인도침범,3
대천동 459-2 부근 횡단보도,3
상인동 1591 부근 교차로모퉁이,3
송현동 1931 부근 인도,3
성당동 263-2 부근 인도,3
상인동 1103-3 부근,3
본리동 1198-8 부근 횡단보도,3
본동 770-1 부근 인도,3
두류동 159-20 부근 버스정류소,3
본리동 1198-7 부근 횡단보도,3
두류동 480-3 부근 교차로모퉁이,3
용산동 230-20 부근 횡단보도,3
진천동 47-2,3
월성동 1894 부근 황색복선,3
신당동 1743 부근 횡단보도,3
송현동 2015-2 부근 횡단보도,3
감삼동 61-2 부근 인도,3
본리동 84-2 부근 횡단보도정지선,3
송현동 283-5 부근 횡단보도,3
이곡동 1203 부근 횡단보도정지선,3
장기동 550-5 부근,3
감삼동 496 부근 교차로모퉁이,3
진천동 490 부근,3
신당동 1723-17 부근 버스정류소,3
호산동 707-2 부근 인도,3
신당동 1034-4 부근 인도,3
성당동 398-2 부근 인도,3
성서경찰서부근,3
송현동 318-3 부근,3
진천동 833-25 부근 인도,3
상인동월곡초등학교부근,3
신당동 1723-17 부근 교차로모퉁이,3
도원동 1428 부근 인도,3
성당동 840 부근 횡단보도,3
유천동 597 부근 인도,3
송현동 1043-1 부근 인도,3
용산동 950-5 부근 횡단보도,3
상인동 797 횡단보도,3
성당초등학교부근,3
상인동 1559 부근,3
두류동 110-4 부근 버스정류소,3
두류동 630-119 부근,3
월성동 1146-13 부근 교차로모퉁이,3
성당동 277-23 부근 인도,3
호산동 371 부근,3
두류동 100-13 부근 횡단보도,3
이곡동 1254-5 부근 횡단보도,3
두류동 1339 부근 교차로모퉁이,3
진천동 2-1 부근 횡단보도 정지선,3
이곡동 1256 부근 인도,3
송현동 798-6 부근 인도침범,3
용산동 936부근,3
용산동 857부근,3
월성동 1424 부근 인도,3
상인동 584 교차로모퉁이,3
성당동 195-8 부근 횡단보도,3
신당동 1723-8 부근 인도,3
신당동 1741-2 부근 횡단보도,3
신당동 1744-1 부근 횡단보도,3
상인동 1571-5 부근,3
월성동 1556-4 부근 횡단보도 정지선,3
송현동 2007-4 부근 횡단보도,3
송현동 907-6 부근 인도,3
장기동 813-6 부근 횡단보도 정지선,3
이곡동 918-10 부근 인도,2
감삼동 343 부근 인도,2
상인동 196-15 인도,2
신당동 1815 부근,2
용산동 960  부근,2
상인동 797 부근,2
용산동 215-14 부근,2
유천동 120 부근,2
감삼동 357 부근 횡단보도 정지선,2
이곡동 578-3 부근 횡단보도,2
송현동 1031-7 부근,2
감삼동 473-6 부근,2
감삼동 103-4 부근 소화전,2
성지초등학교후문,2
장기동 814-1 부근 인도,2
상인동 1598 부근,2
이곡동 1255 부근 횡단보도,2
본동 905 부근 횡단보도,2
월성동 276 부근 버스정류소,2
신당동 1804-9 부근 횡단보도,2
도원동 949-1 부근 인도,2
월성동 282 부근,2
월성동 89-2 부근,2
상인동 1177-12 부근,2
월성동 84-1 부근,2
용산동 494,2
두류동 1339,2
용산동 970 부근 횡단보도 정지선,2
송현동 2005-6 부근 횡단보도정지선,2
신당동 1846 부근 횡단보도정지선,2
상인동 상원로 61-8,2
도원동 1396-296 교차로모퉁이,2
상인동 72-3 부근,2
유천동 612 부근 인도,2
송현동 송현로 50-6 부근,2
두류동 828-57 부근 인도,2
성당동 840 부근 교차로모퉁이,2
상인동 1520-1 횡단보도,2
진천동 194-1 부근,2
감삼동 563-11 부근 횡단보도,2
대곡동 1034 부근,2
두류동 1192-68 부근 인도,2
송현동 1920-8 부근,2
죽전동 374-14 부근,2
죽전동 373-8 부근,2
본동 구마로 96,2
송현동 1931 부근 인도침범,2
죽전동338 부근,2
감삼동461 부근 안전지대,2
월성동 1557-6 부근 교차로모퉁이,2
월성동 1771-148 부근,2
이곡동 890-2 부근 횡단보도,2
본리동 352-4 부근 버스정류소,2
본리동 62-24 부근 횡단보도,2
성당동 381-3 부근 횡단보도,2
진천동 195-28 부근,2
대구은행죽전점부근,2
상인동 247-2 인도,2
두류동 1192-70 부근 인도,2
두류동 1106-20 부근,2
이곡동 660-5 부근 인도,2
송현동 1914-14 부근,2
진천동 731-10 부근,2
유천동 614 부근 횡단보도 정지선,2
상인동 상원로 142 부근,2
장기동 813-3 부근 인도,2
두류동 156-10 부근 횡단보도,2
두류동 159-72 부근 횡단보도,2
두류동 120-10 부근 횡단보도,2
죽전동 88-2 부근 인도,2
유천동 614 부근 인도,2
유천동 46 부근 횡단보도 정지선,2
본동 구마로 104,2
상인동 584 부근,2
송현동 구마로40길 21,2
진천동 247-5 부근,2
두류동 1254-7 부근 인도,2
원더풀스파랜드부근,2
용산동 947-18 부근,2
송현동 산 100 부근 횡단보도정지선,2
본리동 402-1 부근 횡단보도,2
이곡동 1154-1 부근 인도,2
두류동 150-3 부근 인도,2
송현동 284-1 부근,2
상인동 1551-1 횡단보도 정지선,2
상인동 1506 횡단보도,2
신당동 613-2 부근 인도,2
진천동 106-4 부근,2
유천동 541-52 부근,2
상인동 1177-9 인도침범,2
신당동 산 34-7 부근 교차로모퉁이,2
월성동 674-9 부근 횡단보도정지선,2
본동 680-1 부근 인도,2
송현동 1914-2 부근 인도침범,2
두류동 70-20 부근 인도,2
이곡동 이곡공원로 9,2
감삼동 103-3 부근 횡단보도,2
월배삼정포레스트부근,2
두류동 1281-46 부근 소화전,2
진천동 517-3 부근 인도,2
성당동 657-2 부근,2
이곡동 1217 부근 인도,2
이곡동 538-3 부근 인도,2
용산동 507 부근,2
진천동 301-2 부근,2
월성동 1812 부근,2
용산동 230-5  부근,2
송현동 798-388 부근,2
성당동 695-31 부근 인도,2
신당동 1793-25 부근 이중주차,2
진천동 572-10 부근,2
상인동 1555-2 교차로모퉁이,2
용산동 930-14 부근,2
진천동 월배로 149-7 부,2
이곡동 1000-218 부근 소화전,2
성당동 489-1 부근 인도,2
상인동 1458-34 부근,2
상인동 1456-53 부근 횡단보도,2
도원동 1396-314 부근 횡단보도,2
호산동 293-2 부근 인도,2
호산동 355-1 부근,2
진천동 595 부근,2
송현동 1044-4 부근 인도침범,2
진천동 578-4 부근,2
상인동 상원로11길 52,2
상인동 상원로 86-1,2
상인동 620-3 부근,2
상인동 620 부근,2
장기동 533-4 부근 어린이보호구역,2
성당동 509 부근 인도,2
호산동 293-1 부근 인도,2
유천동 87 부근 인도,2
이곡동 1242-4 부근 횡단보도,2
상인동 1523 횡단보도,2
월성동 283-1 부근 인도,2
도원동 1452 부근 소화전,2
호림동 25 부근 인도,2
대남초등학교부근,2
송현동 1977-2 부근,2
신당동 1677-17 부근 교차로모퉁이,2
월성동 821 부근,2
월성동 1824 부근,2
상인동 187-4 부근,2
용산동 935 부근,2
성당동 155-1 부근 소화전,2
진천동 15-1 부근 횡단보도 정지선,2
상인동 70-1 인도,2
월성동 790-1 부근 횡단보도 정지선,2
상인동 1554 횡단보도정지선,2
송현동 1914-12 부근,2
송현동 295-81 부근 인도,2
진천동 608-4 부근 교차로모퉁이,2
송현동 1931-16 부근 인도,2
상인동 1571-5 교차로모퉁이,2
상인동 1598 교차로모퉁이,2
상인동 1332-329 횡단보도정지선,2
송현동 1932-2 부근,2
도원동 1463-7 부근 횡단보도,2
본동 593-3 부근 황색실선,2
진천동 829 부근 횡단보도,2
진천동 272-4 부근 횡단보도,2
상인동 190-6 인도침범,2
상인동 150-20 부근,2
상인동 1103-3 횡단보도,2
도원동 768-3 부근 횡단보도,2
성당동 670-25 부근 횡단보도,2
죽전동 200-1 부근 횡단보도정지선,2
감삼동 564-5 부근 횡단보도,2
죽전동 산 66-1 부근 인도,2
상인동 70-1 부근,2
월성동 283-2 부근,2
성당동 391-5 부근 인도,2
용산동 414-4 부근,2
진천동 94-2 부근,2
본리동1220 부근,2
상인동 상원로 123 부근,2
송현동 201-2 부근,2
진천동 808-90 부근,2
성당동 570-7 부근 인도,2
본동 225-7 부근 인도,2
성당동 220-17 부근 인도,2
두류동 473-5 부근 어린이보호구역,2
송현동 1919-6 부근 인도침범,2
진천동 557-1 부근,2
용산동 502 부근,2
두류동 487-22 부근 교차로모퉁이,2
용산동 230-9 부근,2
용산동 367-10 부근,2
용산동 442-8 부근,2
대곡동 413 부근,2
본리동 145-5 부근 횡단보도,2
월성동 274 부근 횡단보도,2
두류동 825-25 부근 황색실선,2
도원동 610-1 횡단보도,2
장기동 32-2 부근 인도,2
본동 616-7 부근,2
용산동 997 부근 소화전,2
송현동 189-8 부근 교차로모퉁이,2
진천동 247-8 부근 소화전,2
송현동 129-5 부근 횡단보도,2
두류동 630-24 부근 인도,2
이곡동 538-14 부근 인도,2
죽전동 278-7 부근,2
용산동 954-4 부근 버스정류소,2
진천동 687-5 부근 횡단보도,2
감삼동 146-2 부근 인도,2
죽전동339 부근,2
유천동 33-1 부근,2
송현동 2004-8 부근,2
두류동 631-3 부근 횡단보도 정지선,2
본동 831 부근 횡단보도,2
죽전동 203-6 부근 횡단보도,2
용산동 용산로 260 부근,2
송현동 1919-6 부근,2
이곡동 성서서로 330 부,2
본리동 424-3 부근 교차로모퉁이,2
두류동 486-1 부근 교차로모퉁이,2
신당동 1788-11 부근 버스정류장,2
월성동 572 부근 횡단보도,2
진천동 239-18 부근,2
진천동 573-2 부근 인도,2
진천동 599 부근 인도,2
본리동 375-2 부근 인도,2
두류동 131-2 부근 횡단보도,2
진천동 787-1 부근,2
이곡동 1194 부근 인도,2
도원동 1475 부근 인도,2
상인동 1441-3 교차로모퉁이,2
상인동 356-7 교차로모퉁이,2
장기동 411-29 부근,2
이곡동 1334 부근 인도,2
본리동 110-6 부근 인도,2
상인동 76-10 부근,2
월성동 192-11 부근,2
송현동 977-2 부근,2
상인동 52-2,2
신당동 1745 부근 교차로모퉁이,2
송현동 1900-4 부근,2
두류동 108-13 부근 인도,2
대곡동 2-9 부근,2
상인동 52-2부근,2
감삼동 357 부근 교차로모퉁이,2
죽전동 275-7 부근,2
감삼동358 부근,2
대천동 563-1 부근 교차로모퉁이,2
월성동 1427-9 부근 횡단보도,2
상인동 156 횡단보도 정지선,2
감삼동 599-69 부근 교차로모퉁이,2
대곡동 1084 부근 인도,2
이곡동 1181 부근 교차로모퉁이,2
유천동 614 부근,2
상인동 518 인도침범,2
상인동 1421-22 인도침범,2
신당동 1788-5 부근 횡단보도,2
상인동 583-128 부근,2
상인동 180-8 부근,2
진천동 516-3 부근 인도,2
신당동 성서서로59길 41,2
호산동 호산동로36남길,2
두류동 147-3 부근 인도,2
대천동 555-4 부근 인도,2
두류동 1281-48 부근 횡단보도,2
신당동 1842 부근,2
도원동 932-4 부근 인도,2
상인동 171-1 교차로모퉁이,2
송현동 207-14 부근,2
용산동 230-6 부근,2
성당동 520-3 부근 소화전,2
용산동 913 부근 어린이보호구역,2
이곡동 1195 부근 인도,2
용산동 501-2 부근,2
월성동 1536-10 부근,2
송현동 1037-2 부근 인도,2
송현동 1944 부근 인도,2
신당동 1786-11 소화전,2
이곡동 542-7 부근 인도,2
신당동 321-8 인도,2
신당동 1659 부근 인도,2
유천동 368-2 부근 인도,2
용산동 947-11 부근 횡단보도,2
성당동 52-65 부근 인도,2
태양아너스,2
죽전동 382-2 부근,2
본리동 1234 부근 횡단보도,2
두류동 1294 부근 버스정류소,2
월성동 1190 부근,2
월성동 120 부근,2
진천동 809-62 부근,2
장기동 763 부근,2
도원동 1396-37 부근,2
상인동 1558 인도,2
죽전동 270-26 소화전,2
죽전동 338-2 인도,2
상인동 1511 부근,2
신당동 283-4 부근 인도,2
죽전동 379-11 부근 인도,2
송현동 109-6 부근 횡단보도,2
신당동 1320-11 부근 인도,2
죽전동 367-6 부근,2
파호동 82-35 부근 교차로모퉁이,2
이곡동 906-7 부근 소화전,2
장기동 556-1 부근 교차로모퉁이,2
용산동 410-8 부근,2
죽전동 382 부근 횡단보도정지선,2
두류동 631-2 부근 횡단보도,2
진천동 838-8 부근 횡단보도,2
두류동 570-1 부근 소화전,2
성당동 460-8 횡단보도,2
상인동 1457-19 부근 횡단보도,2
두류동 1181-4 부근 인도,2
파호동 5-1 부근 인도,2
도원동 763-7 부근 횡단보도,2
월성동 611-1 부근,2
두류동 618-12 부근 소화전,2
본리동 1150  부근 황색실선,2
성당동 824 부근 횡단보도,2
두류동 두류공원로 257,2
대천동 445-3 부근 인도,2
도원동 1463-5 부근 횡단보도 정지선,2
송현동 295-84 부근,2
죽전동 달구벌대로 1595,2
용산동장산초등학교 부근,2
성당동 827-3 부근,2
성당동 824 부근,2
송현동 950-2 부근 인도,2
진천동 272-2 부근 횡단보도,2
도원동 677-1 부근 횡단보도,2
성당동 265-6 인도,2
죽전동 270-20 교차로모퉁이,2
신당동 1697-11 부근 인도,2
감삼동 182-6 부근 교차로모퉁이,2
상인동 247-2 부근,2
죽전동 368 부근 횡단보도정지선,2
신당동 1784-15 부근 인도,2
본동 구마로 122 부근,2
진천동 86-5 부근 인도,2
이곡동 1324 부근 횡단보도정지선,2
본리동 와룡로14길 20,2
죽전동 256-1 부근 인도,2
장기동 150-4 부근 횡단보도,2
유천동 488 부근 인도,2
용산동 405 부근,2
진천동 626-39 부근 교차로모퉁이,2
이곡동 1000-230 부근 인도,2
대천동 459-2 부근 횡단보도 정지선,2
상인동 196-15,2
본동 1012-1 부근 인도,2
월성동 192-9 부근,2
송현동 1919-8 부근,2
상인동 438-4 황색복선,2
대곡동 1057-4 부근,2
본리동 83-1 부근 횡단보도,2
성당동 714-3 부근 인도,2
성당동 129-11 부근 인도,2
유천동 606 부근 안전지대,2
본리동 360-1 부근 인도,2
상서중학교 횡단보도,2
성당동 398-10 인도,2
두류동 497-5 부근 교차로모퉁이,2
월성동 1539-11 부근 교차로모퉁이,2
진천동 744-5 부근 횡단보도,2
상인동 1439-2 인도,2
죽전동 280-6 부근 인도,2
진천동 845 부근,2
상인동 1517-1 교차로모퉁이,2
월성동 1257-6 부근,2
본리동 110-5 부근 인도,2
송현동 2005-13 부근,2
용산동 416-5 부근,2
월성동 1150-1 부근 인도,2
본리동 184-6 부근 횡단보도 정지선,2
죽전동 273-3 교차로모퉁이,2
상인동 1349 교차로모퉁이,2
대곡동 1076-1 부근 인도,2
장기동 86-1 부근 인도,2
이곡동 1198-1 부근 횡단보도,2
본리동 1151-31 부근,2
용산동 912 부근 교차로모퉁이,2
이곡동 1323-17 부근 인도,2
월성동 535-3 부근 교차로모퉁이,2
용산동 367-13 부근 인도,2
이곡동 902-5 부근 인도,2
두류동 117-24 부근 교차로모퉁이,2
송현동 1914-5 부근 인도침범,2
두류동 1202-1 부근 소화전,2
죽전동 382-2부근 횡단보도정지선,2
진천동 830-10 부근 횡단보도,2
용산동 981 부근 교차로모퉁이,2
송현동 산 104-4 부근 횡단보도,2
성당동 261-4 부근 인도,2
송현동 202 부근,2
월성동 조암로10길 11 부,2
두류동 631-5 부근 횡단보도 정지선,2
장기동 548-14부근 횡단보도정지선,2
교차로모퉁이,2
감삼동 65-9 부근 교차로모퉁이,2
용산동 952 부근 교차로모퉁이,2
성당동 380-1 부근,2
상인동 620-3 횡단보도,2
상인동 1558,2
두류동 1298-1 부근 황색실선,2
신당동 1763 부근 횡단보도,2
월성동 1184 부근,2
신당동 1842-7 부근 인도,2
성당동 393-15 부근 인도,2
이곡동 1355 부근 인도,2
본동 820-1 부근 인도,2
진천동 235-7 부근 소화전,2
유천동 425-3 부근 소화전,2
죽전동 270-8 부근 교차로모퉁이,2
두류동 613-8 부근 교차로모퉁이,2
달서구 안상규벌꿀앞,2
장기동 539-10 부근 인도,2
본리동 306-4 부근 인도,2
성당동 395-9 부근 횡단보도,2
신당동 401-4 부근 인도,2
감삼동 103-2 부근 횡단보도,2
월성동 274 부근,2
용산동 870 부근 교차로모퉁이,2
이곡동 1226,2
장기동 813-6부근,2
송현동 1919-4 부근,2
두류동 1246-30 부근 횡단보도,2
본동 610-12 부근 횡단보도,2
대곡동 917-55 부근 횡단보도,2
장기동 811-2부근,2
상인동 1527-4,2
송현동 1977-7 부근,2
죽전동 279-9부근,2
본리동 407-4 부근 횡단보도,2
본리동 404-2 부근 횡단보도,2
상인동 1527-5 인도침범,2
죽전동 256-7 부근 횡단보도,2
진천동 604-17 부근 횡단보도 정지선,2
상인동 800-9 교차로모퉁이,2
성당동 대명천로 15 부근,2
도원동 1440 부근,2
두류동 115-7 부근 횡단보도,2
송현동 1949-36 부근 횡단보도,2
용산동 919 부근 버스정류소,2
대곡동 1077 부근 인도,2
진천동 562-1 부근,2
상인동 1552-6 부근,2
상인동 1524 교차로모퉁이,2
두류동 1227-3 부근 인도,2
용산동 504 부근 인도,2
죽전동 218-11부근,2
상인동 1557-1 횡단보도 정지선,2
상인동 1551 횡단보도정지선,2
본리동 306-5 부근 인도,2
상인동 1528-4 황색복선,2
송현동 1943 부근 횡단보도,2
도원동 1457-4 부근 횡단보도,2
본리동 1151-31 부근 인도,2
상인동 872 인도 침범,2
송현동 1045 부근,2
죽전동 368부근,2
죽전동 382-2부근,2
죽전동 382부근,2
상인동 1551-2 인도,2
상인동 1596 부근,2
장기동 26-22,2
두류동 494-1 부근 소화전,2
상인동 1332-17 부근,2
본리동 420 부근 버스정류소,2
파호동 447-18 부근 인도,2
감삼동 560 부근 교차로모퉁이,2
성당동 476 부근 횡단보도,2
성당동 491-11 부근 인도,2
상인동 1500 횡단보도정지선,2
용산동 968부근,2
송현동 226-3 부근,2
신당동 1272-6 부근,2
두류동 공원순환로 80 부,2
본리동 350-10 부근 인도,2
호산동 716-9 부근 인도,2
도원동 1435-4 부근 인도,2
상인동 1332-329 부근,2
용산동 612-1부근,2
상인동 1548-4 부근,2
감삼동 473-1 부근 횡단보도,2
성당동 567-8 부근 교차로모퉁이,2
장기동 562-3부근,2
월성동 1177-11 부근 횡단보도,2
월성동 1771-148 부근 횡단보도,2
상인동 1109-10 횡단보도,2
두류동 달구벌대로 1827,2
파호동 5 부근 인도,2
죽전동 341-1부근,2
송현동 중흥로 33 다래칼,2
상인동 1456-53 부근,2
진천동 815-9 부근,2
용산동 965부근,2
두류동 2348 부근,2
죽전동 270-8 부근 횡단보도,2
상인동 76-10 인도,2
송현동 월배로 340 부근,2
장기동 811-6부근,2
월성동 611-2 부근 횡단보도정지선,2
상인초등학교,2
상인동 889 교차로모퉁이,2
월성동 1328-10 부근 소화전,2
상인동 70-2 인도,2
대곡동 1114-6 부근 교차로모퉁이,2
상인동 1546-9 인도,2
대천동 563-2 부근 인도,2
죽전동 204-1부근,2
장기동 813-5부근,2
두류동 547 부근 버스정류소,2
이곡동 1248-12 부근 인도,2
이곡동 653-9 부근 횡단보도,2
상인동 1522 부근 교차로모퉁이,2
대곡동 1126 부근,2
이곡동 1230-1 부근,2
상인동 583-84 부근,2
파호동 82-3,2
이곡동 1343-1 부근 횡단보도,2
성당동 830-23 부근 인도,2
두류동 614-15 부근 황색실선,2
상인동 1592-2 교차로모퉁이,2
월성동 조암로 42 부근,2
본동 616-1 부근 횡단보도,2
진천동 562-4 부근,2
감삼동 504-1 부근 인도,2
감삼동 709 부근 교차로모퉁이,2
상인동 1521 횡단보도,2
장기동 달구벌대로 1388,2
월성동 790-1 부근 횡단보도,2
이곡동 1306-4 부근 횡단보도,2
죽전동 363-34부근,2
용산동 954부근,2
본리동 648-1 부근 교차로모퉁이,2
용산동 928부근,2
대곡동 1167 부근 황색복선,2
용산동 230 부근 인도,2
이곡동 1224-2 부근 횡단보도,2
파호동 86 부근 횡단보도 정지선,2
상인동 247-2 인도 침범,2
경북기계공고 인도,2
용산동 968 부근 버스정류소,2
성당동 221-3 부근 버스정류장,2
본리동 62-17 부근 인도,2
용산동 962 부근 횡단보도 정지선,2
진천동 월배로 30,2
성당동 당산로 82 부근,2
장기동 180-34 부근 인도,2
용산동 416-5부근,2
장기동 566-11 부근 교차로모퉁이,2
상인동 1528-3 인도,2
송현동 1042-1 부근 인도,2
감삼동 360-5 부근 횡단보도,2
상인동 890 인도 침범,2
도원동 1462 부근 버스정류장,2
보성은하유치원 횡단보도,2
이곡동 1211 부근,2
이곡동 1188 부근,2
죽전동 374-8 부근,2
유천동 537-13 부근,2
용산동 931-4 부근 인도,2
상인동 1476-2 횡단보도,2
성당동 129-5 부근 인도,2
상인동 1472-3 횡단보도,2
이곡동 1200-7 부근 횡단보도,2
이곡동 1341 부근 인도,2
용산동 902-2부근,2
상인동 1572-1 횡단보도,2
용산동 972부근,2
상인동 1559 횡단보도,2
죽전동 251부근,2
송현동 592 부근,2
두류동 866-39 부근,2
감삼동 466-5 부근 횡단보도,2
송현동 144-2 부근 횡단보도정지선,2
두류동 581 부근 교차로모퉁이,2
장기동 813-5 부근 교차로모퉁이,2
장기동762부근,2
송현동 2012-4 부근,2
월성동 270-1 부근,2
두류동 1338  부근,2
대곡동 1165 부근 황색복선,2
장동 문화회관9길 72 부,2
본동 1150-33 부근 횡단보도 정지선,2
송현동 160-4 부근 버스정류소,2
두류동 115-7 부근 교차로모퉁이,2
두류동 496-10 부근,2
송현동 295-102 부근,2
용산동 412-5 부근,2
송현동 2016 부근,2
대명동 대명로 222 부근,2
송현동 1919-5 부근 인도,2
송현동 1945-5 부근 인도,2
이곡동 1231-5 부근 소화전,2
대천동 1037 부근 인도,2
감삼동 563-15 부근,2
이곡동 1223 부근 횡단보도 정지선,2
상인동 1521 인도,2
신당동 1815 부근 횡단보도,2
상인동 1571-1 횡단보도,2
월성동 1395-1 부근 인도,2
성당동 53-23 부근 횡단보도,2
월성동 1147-15 부근 횡단보도,2
두류동 857-52 부근 인도,2
상인동 1428 횡단보도,2
이곡동 1249 부근 인도침범,2
본동 614-16 부근 횡단보도,2
본리동 3-1 부근 인도,2
호산동 716-10 부근 횡단보도,2
상인동 1557-2 횡단보도,2
본리동 444-3 부근 교차로모퉁이,2
상인동 1157-14 횡단보도,2
죽전동 200-1 부근 교차로모퉁이,2
감삼동 69-6 부근 인도,2
호산동 716 부근 횡단보도,2
대곡동 1167 부근 교차로모퉁이,2
호림동 22-1 부근 인도,2
이곡동 1220-7 부근 인도,2
감삼동 195-23 부근 횡단보도,2
본리동 와룡로13길 11 부,2
월성동 1551 부근 이중주차,2
성당동 510-2 부근,2
본리동 341-3 부근 인도,2
진천동 555-9 부근 소화전,2
장기동 26-57 부근 인도,2
신당동 1723-17 부근 인도,2
상인동 1571-5 횡단보도,2
호산동 397 부근 교차로모퉁이,2
월성동 363 부근 횡단보도,2
월성동 199-21 부근 교차로모퉁이,2
본리동 1196 부근 교차로모퉁이,2
송현동 798-7 부근 인도,2
성당동 395-14 부근 교차로모퉁이,2
도원동 1462-3 부근 횡단보도 정지선,2
본리동 508-4 부근 인도,2
성당동 211-1 부근 인도,2
두류동 533-7,2
신당동 1745-5 부근 횡단보도,2
두류동 706-27 부근 횡단보도,2
본동 1113-1 부근 인도,2
본동 768-1 부근 소화전,2
유천동 621 부근 인도,2
본리동 352-4 부근 교차로모퉁이,2
죽전동 367-5 부근 횡단보도,2
장기동 162-1 부근 인도,2
신당동 1782-9 부근 교차로모퉁이,2
본리동 166-21 부근 인도,2
이곡동 1226 부근 교차로 모퉁이,2
본리동 83-6 부근 인도,2
송현동 1968-6 부근 버스정류소,2
감삼동 171-1 부근 소화전,2
본리동 88-5 부근 횡단보도,2
대천동 441-6 부근 교차로모퉁이,2
용산동 936 부근 황색복선,2
장기동 180-32 부근 인도,2
이곡동 1344 부근 횡단보도정지선,2
이곡동 1334 부근 교차로모퉁이,2
대천동 499-12 부근 인도,2
유천동 599 부근 인도,2
월성동 269 부근,2
용산동 412-5 부근 교차로모퉁이,2
성당동 632-7 부근 교차로모퉁이,2
대곡동 1086 부근 교차로모퉁이,2
성당동 410-2 부근 횡단보도,2
진천동 49-4 부근 인도,2
이곡동 1226 부근 교차로모퉁이,2
대곡동 917-113 부근 인도,2
성당동 825-26 부근 인도,2
본동 983 부근 교차로모퉁이,2
신당동 680-4 부근 버스정류소,2
두류동 산 326-20 부근 횡단보도,2
장기동 417-3 부근,2
월성동 674-9 부근 횡단보도,2
상인동 326-3 인도,2
송현동 166-2 부근 인도,2
본리동1-14 부근 소화전,2
성당동 338-5 부근,2
감삼동 702 부근 교차로모퉁이,2
이곡동 707-2 부근 인도,2
월성동 1274-1 부근 교차로모퉁이,2
상인초 부근 인도,2
두류동 116-20 부근,2
상인동 1528-3 횡단보도,2
이곡동 690 부근 인도,2
성당동 645-5 부근 횡단보도,2
장기동 762 부근 횡단보도정지선,2
상인동 1573-4 교차로모퉁이,2
용산동 268-3 부근 소화전,2
장기동 515 부근,2
상인동 1332-411 횡단보도,2
송현동 56-1 부근 인도,2
신당동 1660-1 부근 교차로모퉁이,2
본동 월곡로94길 58-3 부,2
이곡동 538-2 부근 횡단보도,2
호림동 14-2 부근 교차로 모퉁이,2
진천동 587-11 부근 인도,2
월성동 270-6 부근 인도,2
상인동 253-19 인도,2
본리동 1150-5 부근 인도,2
상인동 255-13 인도 침범,2
두류동 480-4 부근 횡단보도,2
본리동 1206-1 부근 횡단보도,2
송현동 2040 부근 횡단보도,2
성당동 392-39 부근 버스정류소,2
진천동 223-31 부근 교차로 모퉁이,2
장기동 811-5 부근 인도,2
두류동 두류공원로 161,2
진천동 490-3 부근 황색실선,2
대천동 1042 부근 황색실선,2
상인동 326-3 부근 인도,2
월성동 279 부근 인도,2
송현동 학산로50길 18-6,2
진천동 643-9 부근 모퉁이,2
대곡동 1150 부근 황색복선,2
용산동 972 부근 교차로모퉁이,2
두류동내당초등학교부근,2
진천동 2-23 부근,2
호산동 718 부근 인도,2
성당동 54-61 부근 인도,2
두류동 1105-24 부근 인도,2
송현동 2018 부근 인도,2
본리동 1151-25 부근 어린이보호구역,2
월촌초 어린이보호구역,2
상인동 1598 횡단보도정지선,2
송현동 2035 부근 버스정류장,2
본동 619 부근 횡단보도정지선,2
장기동 813-6 부근 모퉁이,2
이곡동 893-4 부근 인도,2
호산동 716-22 부근 횡단보도,2
죽전동 382 부근 인도,2
이곡동 1354 부근 교차로모퉁이,2
상인동 1528 부근 인도,2
송현동 1944-1 부근 인도,2
감삼동 64-13 부근 횡단보도,2
송현동 104-1 부근 횡단보도,2
성당동 393-16 부근 인도,2
죽전동 277-1 부근,2
월성동 1861 부근 황색복선,2
본리동 377-2 부근 인도,2
대천동 520-5 부근 인도,2
이곡동 1354 부근 어린이보호구역,2
도원동 1435 부근 횡단보도,2
상인동 상인로 27 부근,2
용산동 230-6 부근 인도,2
신당동 1660-2 부근 버스정류소,2
상인동 1557-1 교차로모퉁이,2
본동 769-3 부근 소화전,2
이곡동 1257 부근 교차로 모퉁이,2
진천동 255-8 부근 교차로모퉁이,2
죽전동 170-10 부근 인도,2
용산동 947-12 부근 횡단보도,2
유천동 542-48 부근 횡단보도,2
본리동 430-6 부근 횡단보도,2
월성동 269 부근 인도,2
월성동 559-2 부근 황색복선,2
상인동 월배로 233 부근,2
본리동 154-2 부근 인도,2
상인동 1555 인도,2
상인동 257-14 인도 침범,2
본리동 425 부근 교차로모퉁이,2
용산동 441 부근 교차로모퉁이,2
용산동 230-7 부근 인도,2
본리동 664-2 부근 황색실선,2
본리동 구마로11길 50 부,2
성당동 509 부근 교차로모퉁이,2
죽전동 218-17 부근 교차로모퉁이,2
진천동 553 부근 횡단보도,2
감삼동 572-7 부근,2
송현동 1945-17 부근 횡단보도,2
본리동 649-1 부근 교차로모퉁이,2
송현동 57-2 부근 인도,2
용산동 964-1 부근,2
신당동 1761-10 부근 횡단보도정지선,2
용산동 961 부근 어린이보호구역,2
대천동 577-53 부근 횡단보도,2
도원동 1435-3 부근 버스정류소,2
송현동 2015-32 부근 인도,2
장기동 538-5 부근 인도,2
죽전동 379-13 부근 인도,2
월성동 363 부근 황색복선,2
본동 1011-1 부근 인도,2
죽전동 371-14 부근 인도,2
대곡동 19-45 부근 인도,2
월성동 609-6 부근 교차로모퉁이,2
장기동 210-2 부근 인도,2
두류동 640-1 부근 소화전,2
송현동 1944-4 부근 횡단보도,2
본동 831 부근 인도,2
성당동 392-35 부근 교차로모퉁이,2
성당동 826 부근 교차로모퉁이,2
이곡동 1319 부근 교차로모퉁이,2
상인동 월배로 188,2
본리동 1150-17 부근,2
본동 962-1 부근 횡단보도,2
상인동 1529-5 부근 인도,2
용산동 502 부근 소화전,2
신당동 615-3 부근 인도,2
본리동 431-1 부근 횡단보도,2
신당동 1710-7 부근 버스정류소,2
대곡동 413 부근 횡단보도,2
성당동 381-1 부근 인도,2
상인동 1179-3 인도,2
두류동 75-28 부근 인도,2
감삼동 장기로 160,2
이곡동 1203 부근  인도,2
이곡동 1000-217 부근 소화전,2
이곡동 1000-357 부근 소화전,2
신당동 1696 부근 버스정류장,2
본리동 1208-6 부근  모퉁이,2
본동 804-2 부근 인도,2
성당동 635-2 부근 인도,2
이곡동 653-2 부근 인도,2
성당동 695-30 부근 교차로모퉁이,2
유천동 124-3 부근 인도,2
장기동 522-4 부근 어린이보호구역,2
상인동 1526-1 교차로모퉁이,2
신당동 1320-11 부근 교차로모퉁이,2
진천동 839 부근 교차로 모퉁이,2
대천동 1042 부근 인도,2
용산동 13 부근,2
감삼동 605-8 부근,2
상인동 1107-11 부근 인도,2
본동 산 61-8 부근,2
진천동 607-2 부근 인도,2
이곡동 1220-11 부근 횡단보도,2
본리동 165-1 부근 어린이보호구역,2
상인동 1546-4 횡단보도,2
상인동 1524 부근 횡단보도,2
두류동 486-4 부근 교차로모퉁이,2
본리동 1150-14 부근 소화전,2
두류동 495-48 부근 횡단보도,2
진천동 576-8 부근 인도,2
진천동 829-1 부근 횡단보도,2
상인동 1401-4 부근 인도,2
성당동 54-30 부근 버스정류소,2
이곡동 1000-235 부근 인도,2
성당동 550 부근 인도,2
상인동 1161-3 인도 침범,2
대곡동 19-45 부근 교차로모퉁이,2
대곡동 413 부근 소화전,2
본리동 336 부근 교차로모퉁이,2
이곡동 541-10 부근 인도,2
감삼동 346 부근 인도,2
감삼동 38-1 부근 횡단보도,2
상인동 77-12 교차로모퉁이,2
본리동 1205-1 부근 소화전,2
상인동 77-12 부근 인도,2
상인동 1536-12 부근 인도,2
두류동 131-2 부근,2
진천동 843 부근 인도,2
대곡동 상화로8길 26 부,2
본동 724-1 부근 횡단보도,2
성당동 631-2 부근 인도,2
진천동 188-19 부근 인도,2
본동 983 부근 인도,2
진천동 829-8 부근 횡단보도,2
본동 616-7 부근 횡단보도,2
용산동 달구벌대로 1487,2
상인동 1109-10 안전지대,2
이곡동 1258 부근 횡단보도,2
용산동 507-2 부근 인도,2
진천동 844 부근 횡단보도,2
진천동 576-4 부근 교차로 모퉁이,2
송현동78-3 부근 교차로모퉁이,2
죽전동 339-3 부근 인도,2
성당동 380-1 부근 횡단보도,2
용산동 936 부근 횡단보도,2
월성동 1813 부근 이중주차,2
신당동 1697-2 부근 인도,2
성당동 52-39 부근,2
진천동 840 부근 교차로모퉁이,2
감삼동 476-5 부근 교차로모퉁이,2
본리동 1208-6 부근 교차로모퉁이,2
성당동 828-14 부근 횡단보도,2
진천동 109-5 부근 인도,2
성당동 695-42 부근 인도,2
호림동 22 부근,2
죽전동 338 부근 황색실선,2
대천동 349-4 부근 횡단보도,2
본동 731-1 부근 인도,2
장기동 46-32 부근 인도,2
장기동 26-20 부근 횡단보도,2
성당동 728-7 부근 교차로모퉁이,2
성당동 338-5 부근 교차로모퉁이,2
본동 1136-2 부근 인도,2
상인동 1550 부근 인도,2
대천동 1045 부근 교차로모퉁이,2
본리동 370-3 부근 횡단보도,2
감삼동 207-14 부근 인도,2
상인동 1555-2 부근 횡단보도,2
월성동 1141-10 부근 횡단보도,2
진천동 504 부근 인도,2
신당동 1846-3 부근,2
용산동 416-1 부근 인도,2
본리동 1207-1 부근 횡단보도,2
송현동 1037-1 부근 횡단보도,2
신당동 1844-2 부근 인도,2
월성동 1834 부근 인도,2
월성동 269 부근 교차로모퉁이,2
호림동 27 부근 인도,2
성당동 393-13 부근 인도,2
용산동 494 부근 교차로모퉁이,2
두류동 489-10 부근 횡단보도,2
도원동 1428-4 부근 인도,2
도원동 1463-2 부근 인도,2
본동 897 부근 인도,2
두류동 1276-37 부근 인도,2
상인동 1108-8 횡단보도,2
대곡동 화암로 369 부근,2
월성동 1261 부근 횡단보도,2
진천동 603-4 부근,2
장기동 820-7 부근 횡단보도,2
도원동 1396-331 횡단보도,2
진천동 91-11 부근 인도,2
상인동 42 부근 횡단보도,2
신당동 1762 부근 횡단보도,2
상인동 901-4 인도,2
월성동 610-2 부근 교차로모퉁이,2
장기동 180-23 부근,2
송현동 107 부근 인도,2
호산동 373 부근 인도,2
본리동 374-1 부근 횡단보도,2
장기동 47-3 부근 인도,2
대곡동 1127 부근 인도,2
진천동 843 부근 횡단보도,2
감삼동 38-1 부근 횡단보도 정지선,2
두류동 산 302-2 부근 인도,2
상인동 1332-100 횡단보도,2
상인동 1108-8 황색복선,2
감삼동 64-2 부근 인도,2
도원동 612-2 부근 교차로모퉁이,2
감삼동 567-11 부근 인도,2
감삼동 567-2 부근 인도,2
도원동 1462-9 부근 교차로,2
용산동 967 부근 횡단보도,2
이곡동 1306-1 부근 횡단보도,2
용산동 930-11 부근 인도,2
진천동 545-2 부근 교차로모퉁이,2
이곡동 1188-1 부근 교차로모퉁이,2
월성동 1771-148 부근 교차로모퉁이,2
월성동 1190-1 부근 교차로모퉁이,2
송현동 1914-14 부근 횡단보도,2
상인동 1527-5 인도,2
용산동 938-2 부근,2
도원동 1433 부근 교차로모퉁이,2
진천동 247-2 부근 소화전,2
죽전동 219-22 부근 교차로모퉁이,2
월성동 1894 부근 횡단보도정지선,2
용산동 980 부근 교차로모퉁이,2
신당동 1718-2 부근 횡단보도,2
상인동 150-21 교차로모퉁이,2
신당동 1743-2 부근 교차로모퉁이,2
유천동 488 부근 횡단보도,2
월성동 1883 부근,2
이곡동 1222-7 부근 인도,2
죽전동 200-13 부근 교차로모퉁이,2
본동 901-1 부근 교차로모퉁이,2
죽전동 381 부근,2
유천동 515-1 부근 횡단보도,2
용산동 930-14 부근 교차로모퉁이,2
두류동 495-43 부근 교차로모퉁이,2
상인동 1606 부근 인도,2
이곡동 1336-7 부근 인도,2
이곡동 878-1 부근 인도,2
성당동 395-9 부근 인도,2
상인동 1501 횡단보도 정지선,2
상인동 1531 부근 탄력봉,2
송현동 121-3 부근 교차로모퉁이,2
성당동 434-1 부근 횡단보도,2
성당동 214-1 부근 횡단보도,2
대동시장 부근 인도,2
신당동 1793 부근 버스정류소,2
용산동 230-9 부근 인도,2
본리동 361-3 부근 인도,2
본동 962-1 부근 교차로모퉁이,2
진천동 244-6 부근 인도,2
두류동 당산로36길 73 부,2
신당동 1814-15 부근 횡단보도,2
이곡동 1355 부근 교차로 모퉁이,2
신당동 1721-14 부근 인도,2
진천동 643-9 부근 횡단보도,2
용산동 857 부근 교차로모퉁이,2
이곡동 1248-2 부근 인도,2
호림동 13 부근 인도,2
용산동 968 부근 횡단보도,2
진천동 731-10 부근 버스정류소,2
본리동 2-14 부근,2
본리동 66-16 부근 횡단보도,2
대곡동 2 부근 인도,2
죽전동 273-3 부근,2
상인동 1525-1 횡단보도 정지선,2
두류동 779-3 부근 인도,2
본리동 1150 부근 버스정류소,2
두류동 1198-40 부근 횡단보도,2
감삼동 560 부근,2
유천동 582 횡단보도,2
대곡동 418 부근,2
두류동 480-17 부근 횡단보도,2
송현동 1033-8 부근 교차로모퉁이,2
이곡동 1220-12 부근 교차로 모퉁이,2
상인동 877-5 인도,2
감삼동 531-2 부근 인도,2
상인동 1572-1 교차로모퉁이,2
죽전동 374-14 부근 교차로모퉁이,2
월성동 1141-10 부근,2
용산동 414-4 부근 교차로모퉁이,2
두류동 산 326-16 부근 교차로모퉁이,2
용산동 881 부근 교차로모퉁이,2
신당동 1770 부근 교차로모퉁이,2
유천동 582 부근 교차로 모퉁이,2
죽전동 달구벌대로 1560,2
호림동 483-2 부근 횡단보도,2
도원동 1435-4 부근 횡단보도,2
죽전동 256-1 부근 교차로모퉁이,2
상인동 1592-2 부근 인도,2
두류동 2348 부근 이중주차,2
감삼동 357 부근 황색실선,2
용산동 419-5 부근 인도,2
이곡동 1303 부근 황색실선,2
성당동 536 부근 인도,2
성당동 828 부근 버스정류소,2
두류동 116-21 부근 횡단보도,2
상인동 1571-1 횡단보도 정지선,2
대곡동 1042 부근 횡단보도,2
이곡동 1245 부근 횡단보도정지선,2
상인동 1589 부근 인도,2
상인동 1552-4 부근 모퉁이,2
상인동 150-16 부근 인도,2
감삼동 466-5 부근 황색복선,2
상인동 1530 안전지대,2
도원동 1438 부근 교차로모퉁이,2
본동 745-4 부근 교차로모퉁이,2
진천동 839 부근 소화전,2
용산동 417 부근 횡단보도 정지선,2
본리동 336 부근 인도,2
죽전동 218-1 부근 인도,2
죽전동 217-11 부근,2
성당동 825-25 부근 인도,2
두류동 746-4 부근 인도,2
성당동 127-6 부근 인도,2
두류동 477-3 부근 교차로모퉁이,2
월성동 78 부근 인도,2
두류동 1290-1 부근  교차로,2
본리동 384-3 부근 교차로모퉁이,2
신당동 311-36 부근 인도,2
송현동 2041 부근 횡단보도,2
죽전동 379-14 부근 인도,2
월성동 1287-12 부근 횡단보도 정지선,2
송현동 1919-7 부근 인도,2
상인동 1551 교차로모퉁이,2
두류동 487-22 부근 소화전,2
진천동 78-1 부근 교차로모퉁이,2
이곡동 1000-221 부근 횡단보도,2
도원동 1462부근 인도,2
송현동 283-1 부근 횡단보도,2
월성동 1848 부근 교차로모퉁이,2
본동 735 부근 인도,2
감삼동 206-74 부근 교차로모퉁이,2
감삼동 61-10 부근 인도,2
진천동 656-8 부근 인도,2
성당동 635-3 부근 인도,2
용산동 902-2 부근 횡단보도,2
상인동 1537-10 횡단보도,2
장기동 813-5 부근  횡단보도,2
월성동 311-1 부근,2
장기동 811-7 부근 소화전,2
진천동 732-3 부근 횡단보도,2
파호동 84-10 부근 소화전,2
신당동 1721-11 부근 횡단보도정지선,2
본동 685-3 부근 인도,2
대천동 459-2 부근 인도,2
감삼동 682-21 부근 횡단보도 정지선,2
신당동 1731-5 부근 횡단보도,2
도원동 1462-9부근 횡단보도,2
두류동 109-18 부근 인도,2
송현동 2004-8 부근 횡단보도,2
진천동 43-1 부근 인도,2
상인동 481 횡단보도,2
상인동 319-6 인도,2
이곡동 1303 부근 횡단보도,2
성당동 460-8 부근 인도,2
용산동 416-5 부근 인도,2
이곡동 1245 부근 교차로모퉁이,2
상인동 806 부근 인도,2
성당동 434-3 부근 횡단보도정지선,2
진천동 586-15 부근 인도,2
상인동 879-1 인도침범,2
상인동 879-1 부근 인도,2
월성동 1190 부근 횡단보도정지선,2
월성동 1340-2 부근 교차로모퉁이,2
용산동 882-2 부근 어린이보호구역,2
이곡동 선원로 195 부근,2
이곡동 1213 부근 교차로모퉁이,2
진천동 602 부근 인도,2
월성동 1835 부근 횡단보도,2
이곡동 1325 부근 인도,2
상인동 1332-100 황색복선,2
상인동 1531 탄력봉,2
성당동 536-12 부근 횡단보도,2
이곡동 1238-7 부근 횡단보도,2
상인동 910-2 횡단보도 정지선,2
진천동 106-1 부근 인도,2
상인동 1551 부근 인도,2
죽전동 380 부근 교차로모퉁이,2
이곡동 1319 부근 횡단보도정지선,2
성당동 705-8 부근 소화전,2
두류동 달구벌대로378길,2
대천동 441-6 부근 횡단보도,2
이곡동 1220-4 부근 교차로모퉁이,2
이곡동 1220-9 부근 교차로모퉁이,2
상인동 1593-6 횡단보도,2
송현동 60-13 부근 교차로모퉁이,2
성당동 830-23 부근 횡단보도정지선,2
성당동 273-1 부근 인도,2
신당동 달구벌대로 1095 부근,2
신당동 1721-11 부근 교차로모퉁이,2
장기동 160-5 부근 인도,2
진천동 602 부근 교차로모퉁이,2
용산동 952-3 부근 횡단보도,2
유천동 542-44 부근 소화전,2
상인동 1587-5 인도,2
성당동 566-4 부근 교차로모퉁이,2
한양수장인107동앞,2
도원동 1463 부근 횡단보도 정지선,2
신당동 1761-2 부근 버스정류장,2
신당동 1818-5 부근 이중주차,2
장기동 810 부근 횡단보도,2
감삼동 305 부근 황색복선,2
호산동 712-11 부근 횡단보도,2
죽전동 180-4 부근 인도,2
두류동 489-1 부근 횡단보도정지선,2
월성동 500-4 부근 횡단보도,2
성당동 824-82 부근 횡단보도정지선,2
성당동 467-2 부근  교차로,2
용산동 882 부근 교차로모퉁이,2
상인동 1572-1 부근 인도,2
진천동 15-1 부근 횡단보도,2
상인동 54-6 부근 인도,2
상인동 54-5 부근 인도,2
도원동1462-9 부근 횡단보도,2
송현동 61-16 부근 인도,2
호림동 18 부근 인도,2
성당동 750-33 부근 횡단보도,2
이곡동 1306-3 부근 횡단보도,2
상인동 1576 부근 인도,2
상인동 1557-1 횡단보도정지선,2
죽전태왕아너스,2
장기동 822-15 부근 인도,2
상인동 1574 부근 인도,2
파호동 82-36 부근 횡단보도,2
월성동 1402-1 부근 교차로모퉁이,2
두류동 큰장로 19 부근,2
성당동 장기로 90 부근,2
상인동 1521 부근 인도,2
대곡동 1140 부근 황색실선,2
상인동 1109-10 황색복선,2
파호동 82-30 부근 인도,2
대곡동 1021-1 부근 횡단보도 정지선,2
유천동 588-3 부근 횡단보도 정지선,2
장기동 131-1 부근 인도,2
파호동 82-29 부근 인도,2
장기동 560-1 부근 인도,2
대곡동 1028-1 부근 인도,2
대곡동 1155 부근 인도,2
송현동 2008-33 부근 횡단보도,2
죽전동 170-21 부근,2
성당동 804-8 부근 횡단보도,2
죽전동 174-1 부근 횡단보도,2
진천동 845 부근 인도,2
용산동 807 부근 황색실선,2
상인동 890 부근 횡단보도,2
본리동 378-2 부근 인도,2
유천동 300-7 부근 인도,2
성당동 655-2 부근 인도,2
대곡동 1155 부근 횡단보도,2
신당동 1784-9 부근 인도,2
성당동 804-7 부근 횡단보도정지선,2
본동 881 부근 교차로모퉁이,2
상인동 월곡로 112 부근,2
본리동 1152 부근 횡단보도정지선,2
두류동 495-10 부근 인도,2
진천동 106-4 부근 인도,2
월성동 1832 부근 인도,2
송현동 78-3 부근 인도,2
본동 959-2 부근 버스정류소,2
대곡동 1036-1 부근 인도,2
상인동 1437 부근 횡단보도,2
대곡동 1068-2 부근 황색복선,2
대곡동 1069-3 부근 횡단보도,2
송현동 187-9 부근 인도,2
이곡동 1202-12 부근 인도,2
죽전동 373-15 부근 횡단보도,2
본동 1150-24 부근 교차로모퉁이,2
이곡동 1303 부근 교차로 모퉁이,2
이곡동 1000-158 부근 인도,2
두류동 1192-66 부근 횡단보도,2
감삼동 171-3 부근 인도,2
감삼동 143-4 부근 인도,2
죽전동 180-21 부근 인도,2
진천동 640-4 부근 교차로모퉁이,2
용산동 856 부근 황색실선,2
두류동 2348 부근 횡단보도,2
용산동 산 4-3 부근 황색실선,2
용산동 산 4-3 부근,2
신당동 1818-3 부근 이중주차,2
본리동 74-1 부근 횡단보도,2
본동 853-6 부근 인도,2
상인동 1552-4 횡단보도,2
장기동 849 부근 인도,2
두류동 1290-1 부근 황색복선,2
대곡동 1140 부근 인도,2
진천동 246-6 부근 소화전,2
이곡동 1222 부근 인도,2
두류동 산 325-3 부근 횡단보도,2
성당동 381-3 부근 인도,2
두류동 618-11 부근 소화전,2
장기동 440-1 부근,2
송현동 1969-23 부근 인도,2
신당동 1788-10 부근 버스정류소,2
월성동 363 부근 버스정류장,2
죽전동 180-11 부근 인도,2
상인동 1477-1 부근 횡단보도,2
감삼동 491-1 부근 횡단보도,2
대천동 1035 부근 교차로모퉁이,2
도원동 1438 부근 교차로,2
진천동 575 부근 교차로모퉁이,2
이곡동 1212 부근 교차로 모퉁이,2
이곡동 1212 부근 인도,2
용산동 991 부근 횡단보도 정지선,2
상인동 70-2 부근 인도,2
상인동 1523 부근 인도,2
두류동 1227-1 부근 인도,2
진천동 775-2 부근 횡단보도,2
진천동 775 부근 횡단보도,2
상인동 1545-13 버스정류소,2
진천동 555-13 부근 소화전,2
본동 225-4 부근 횡단보도정지선,2
신당동 1782-9 부근 횡단보도,2
두류동 487-38 부근 황색실선,2
용산동 946-9 부근 횡단보도,2
용산동 933-4 부근 교차로모퉁이,2
본리동 1220 소화전,2
이곡동 1330 부근 횡단보도,2
진천동 545-1 부근 교차로모퉁이,2
상인동 879-1 인도 침범,2
두류동 618-1 부근 인도,2
본리동 374-1 부근 인도,2
성당동 208-6 부근 인도,2
월성동 1419 부근 인도,2
두류동 1298 부근 소화전,2
성당동 485-1 부근 횡단보도,2
본동 1093 부근 인도,2
월성동 270-7 부근 인도,2
용산동 879 부근 교차로모퉁이,2
장기동 361-5 부근 인도,2
신당동 1748-8 부근 횡단보도,2
두류동 산 326-28 부근 횡단보도,2
두류동 148-7 부근 인도,2
송현동 55-3 부근 인도,2
감삼동 466-5 부근 안전지대,2
송현동 앞산순환로 193,2
상인동 학산남로 66 부근,2
신당동 556 부근 교차로모퉁이,2
본리동 1150-14 부근 교차로모퉁이,2
죽전동 219-1 부근 인도,2
이곡동 1307 부근 횡단보도,2
두류동 631-13 부근 횡단보도,2
두류동 1248-14 부근 횡단보도,2
상인동 1475 인도,2
송현동 월배로94길 2 부,2
장기동 32-8 부근 인도,2
용산동 980 부근 횡단보도,2
두류동 489-10 부근 교차로모퉁이,2
성당동 412-4 부근 횡단보도,2
성당동 262-2 부근 인도,2
대천동 511-3 부근 인도,2
성당동 성당로,2
진천동 37-18 부근 인도,2
두류동 147-4 부근 인도,2
두류동 1304 부근 인도,2
월성동 1551 부근 횡단보도,2
성당동 395-12 부근 인도,2
죽전동 341-1 부근 소화전,2
성당동 829-8 부근 횡단보도,2
신당동 682-30 부근 버스정류장,2
신당동 1748 부근,2
본리동 83-1 부근 인도,2
상인동 889 부근 안전지대,2
두류동 83-16 부근 인도,2
본리동 1199-8 부근 교차로모퉁이,2
이곡동 1221 부근 모퉁이,2
이곡동 1029-4 부근 인도,2
성당동 392-13 부근 인도,2
도원동 1462-3 부근 황색복선,2
이곡동 이곡공원로 33 부,2
용산동 장산남로 40 부근,2
진천동 787-1 부근 인도,2
대곡동 1164 부근 횡단보도,2
송현동 월배로 403,2
두류동 476-19 부근 횡단보도,2
감삼동 602-2 부근 교차로모퉁이,2
상인동 1552-4 부근 인도,2
진천동 608-4 부근 횡단보도,2
진천동 504-3 부근 횡단보도,2
진천동 587 부근 인도,2
진천동 79-18 부근 소화전,2
유천동 610 부근 횡단보도,2
두류동 488-23 부근 황색실선,2
성당동 428-12 부근  모퉁이,2
죽전동 382-2 부근 인도,2
상인동 1556 부근 교차로모퉁이,2
상인동 1528-4 부근 인도,2
두류동 113-17 부근 횡단보도,2
성당동 824-57 부근 횡단보도,2
성당동 116-12 부근 인도,2
이곡동 653-3 부근 횡단보도,2
성당동 825-14 부근 횡단보도정지선,2
도원동 1462-3 부근 인도,2
용산동 964 부근 인도,2
성당동 804-3 부근 횡단보도,2
이곡동 1211 부근 교차로 모퉁이,2
두류동 126-3 부근 교차로모퉁이,2
감삼동 657-7 부근 황색실선,2
두류동 640-4 부근 횡단보도,2
성당동 565-3 부근 횡단보도정지선,2
감삼동 600-20 부근 이중주차,2
용산동 906 부근,2
상인동 1551-2 부근 교차로모퉁이,2
진천동 732-3 부근 교차로모퉁이,2
상인동 1501 부근 인도,2
성당동 829-8 부근  모퉁이,2
상인동 1439 부근 교차로모퉁이,2
성당동 381-3 부근 횡단보도정지선,2
송현동 1031-10 부근 교차로모퉁이,2
본리동75-1 부근 소화전,2
성당동 산 176-3 부근 횡단보도,2
본동 1150-33 부근 버스정류소,2
월성동 281 부근,2
감삼동 556-1 부근 직각주차,2
상인동 1553 횡단보도 정지선,2
송현동 530-12 부근 인도,2
장기동 한들로 70,2
월성동 1328-7 부근 소화전,2
죽전동 379-12 부근 인도,2
유천동 266-1 부근 인도,2
두류동 840-55 부근 인도,2
이곡동 1329 부근 인도,2
월성동 1882 부근  인도,2
용산동 226-4 부근 교차로모퉁이,2
성당동 281-3 부근 인도,2
감삼동 360  부근 교차로모퉁이,2
상인동 1439-1 인도침범,2
성당동 338-5 부근 인도,2
장동 성서공단로 365 부,2
상인동 583-128 인도,2
대곡동 973 부근 인도,2
월성동신월초등학교부근,2
신당동 1784 부근 교차로모퉁이,2
송현동 130-3 부근 횡단보도,2
성당동 663-7 부근 횡단보도,2
송현동 1958-7 부근 인도,2
월성동 270 부근 횡단보도,2
상인동 889 부근 교차로모퉁이,2
신당동 1723-9 부근 횡단보도,2
유천동 33-1 부근 인도,2
성당동 75-2 부근 인도,2
월성동 조암남로 89 부근,2
장기동 809 부근 교차로모퉁이,2
이곡동 1238-4 부근 횡단보도,2
성당동 117-9 부근 인도,2
상인동 1552-6 부근 횡단보도,2
이곡동 1220 부근 교차로 모퉁이,2
진천동 700 부근 소화전,2
상인동 240-3 부근 인도,2
두류동 1249-7 부근 교차로모퉁이,2
성당동 489-8 부근 버스정류장,2
송일초등학교 인도,2
본리동 1150 부근  모퉁이,2
감삼동 567-8 부근 교차로모퉁이,2
두류동 1249-8 부근 교차로모퉁이,2
두류동 1253-25 부근 인도,2
상인동 1437-5 부근 교차로모퉁이,2
두류동 825-26 부근 황색실선,2
두류동 825-23 부근 황색복선,2
본동 962-1 부근,2
진천동 월배로 95-6 부근,2
성당동 828-21 부근 횡단보도,2
장기동 180-35 부근 횡단보도,2
두류동 812-1 부근 황색복선,2
두류동 70-18 부근 횡단보도,2
신당동 1745-5 부근 교차로모퉁이,2
대천동 441-1 부근 횡단보도,2
송현동 594-18 부근 인도,2
송현동 2006-26 부근 인도,2
송현동 2006-9 부근 교차로모퉁이,2
용산동 930-10 부근 인도,2
이곡동 1257 부근 인도,2
송현동 2015-33 부근 인도,2
상인동 319-32 인도,2
상인동 1421-22 횡단보도,2
성당동 52-2 부근 인도,2
감삼동 657-24 부근 횡단보도,2
상인동 1550-8 인도,2
신당동 1814-7 부근 인도,2
본동 774 부근 인도,2
상인동 1511 부근 교차로모퉁이,2
상인동 1501 인도침범,2
이곡동 1255 부근 인도,2
감삼동 564-1 부근 교차로모퉁이,2
이곡동 1202-14 부근 교차로 모퉁이,2
월성동 270-6 부근 횡단보도,2
두류동 1253-38 부근 교차로모퉁이,2
진천동 57-11 부근 횡단보도,2
신당동 1749-5 부근 횡단보도,2
장기동 548-15 부근 인도,2
상인동 180-8 교차로모퉁이,2
장기동 813-1 부근 횡단보도,2
월성동 363 부근 버스정류소,2
성당동 52-1 부근 인도,2
신당동 572 부근 인도,2
월성동 1261 부근 소화전,2
감삼동 360-3 부근 횡단보도,2
송현동 1035-4 부근 황색복선,2
대곡동 1141 부근 횡단보도정지선,2
호산동 397 부근 인도,2
본동 1031-1 부근 인도,2
이곡동 1244-1 부근 횡단보도,2
상인동 1582-4 버스정류소,2
신당동 1723-8 부근 횡단보도,2
성당동 570-7 부근 이중주차,2
이곡동 1213-1 부근 교차로 모퉁이,2
두류동 828-14 부근 인도,2
두류동 828-16 부근 인도,2
두류동 781-12 부근 인도,2
두류동 781-13 부근 인도,2
성당동 461-5 부근 인도,2
본리동 1152 부근 소화전,2
대곡동 1141 부근 황색복선,2
용산동 230-7 부근 교차로모퉁이,2
성당동 827-3 부근 횡단보도정지선,2
상인동 1508 횡단보도,2
상인동 1456-13 부근 횡단보도,2
상인동 253-19 부근 인도,2
죽전동 365-6 부근 인도,2
두류동 111-12 부근 횡단보도,2
두류동 126-2 부근 횡단보도,2
두류동 131-24 부근 버스정류소,2
월성동 구마로14남길 55,2
장기동 562-3 부근 인도,2
용산동 420 부근 횡단보도정지선,2
성당동 52-26 부근 인도,2
두류동 1335-19 부근 인도,2
두류동 1253-9 부근 인도,2
용산동 230-20 부근 교차로모퉁이,2
월성동 1894 부근 어린이보호구역,2
상인동 1527-5 부근 인도,2
성당동 265-1 부근 횡단보도정지선,2
도원동 1465 부근 횡단보도,2
송현동 1930-4 부근 교차로모퉁이,2
감삼동 620-27 부근 인도,2
성당동 392-12 부근 횡단보도,2
이곡동 1306-1 부근 교차로 모퉁이,2
용산동 960 부근 횡단보도정지선,2
송현동 59-12 부근 횡단보도정지선,2
이곡동 1000-303 부근 인도,2
유천동 582  부근 횡단보도,2
장기동 848 부근 소화전,2
진천동 2-1 부근 교차로모퉁이,2
상인동 1556-2 인도,2
상인동 1332-292 부근 인도,2
송현동 1931-6 부근 인도,2
진천동 586-10 부근 인도,2
월성동 1898 부근 황색실선,2
호산동 성서공단로11길,2
본리동 1152부근 인도,2
장기동 116-1 부근 인도,2
진천동 283-4 부근 인도,2
상인동 산 80-2 인도,2
상인동 1557 부근 횡단보도,2
상인동 1500 교차로모퉁이,2
월암동 1158 부근 횡단보도,2
본리동 317-3 부근 횡단보도,2
상인동 255-2 인도 침범,2
성당동 829-15 부근 인도,2
이곡동 1244-6 부근 횡단보도,2
상인동 1530-1 부근 교차로모퉁이,2
상인동 1565-1 횡단보도,2
상인동 1557 부근 교차로모퉁이,2
상인동 1571-1 부근 횡단보도,2
진천동 239-17 부근 소화전,2
상인동 1538 부근 인도,2
두류동 495-11 부근 교차로모퉁이,2
상인동 950 부근 횡단보도,2
월성동 1412 부근 횡단보도,2
월성동 588-5 부근 횡단보도,2
상인동 1401-3 버스정류소,2
본동 1093-1 부근 인도,2
죽전동 204-7 부근 횡단보도,2
상인동 725-3 부근 인도,2
월성동 807-1 부근 교차로모퉁이,2
감삼동 599-61 부근 교차로모퉁이,2
본동 1136-1 부근 인도,2
장기동 814-1 부근 횡단보도 정지선,1
월성동 1422-1 부근,1
진천동 238-20 부근,1
송현동 161 부근,1
죽전동 278-15 부근,1
월성동 1430-1 부근 인도,1
성당동 695-30 부근,1
상인동 583-67 교차로모퉁이,1
죽전동 276-7 부근 인도,1
성당동 53-3 부근 인도,1
상인동 1107-11 횡단보도,1
대곡동 1078 부근 횡단보도,1
이곡동 1197 부근 교차로 모퉁이,1
용산동 411 부근,1
진천동 553 부근,1
파호동 89 버스정류장,1
신당동 1702-8 부근 교차로모퉁이,1
신당동 1846 부근 인도,1
감삼동 344 부근 인도,1
상인동 1555-1 부근,1
호산동 357-61 부근,1
상인동 196-19 횡단보도 침범,1
두류동 123-8 부근 황색실선,1
두류동 1273-27 부근 인도,1
두류동 1272-43 부근 인도,1
두류동 1253-40 부근 인도,1
두류동 825-26 부근 횡단보도정지선,1
본리동 1151-31 부근 횡단보도 정지선,1
진천동 94-2 부근 인도,1
본동 831 부근 교차로모퉁이,1
진천동 248-13 부근 황색복선,1
진천동 713-24 부근,1
이곡동 663-11 부근 인도,1
이곡동 1345-11 부근 인도,1
월암동 412 부근,1
송현동 2014-12 부근 인도침범,1
상인동 1608 교차로모퉁이,1
이곡동 1231-5 부근 횡단보도,1
용산동 507-2 부근 횡단보도,1
상인동 1470 부근 횡단보도,1
유천동539-3 부근 교차로모퉁이,1
대천동 474 부근 교차로모퉁이,1
본리동 1221 부근 소화전,1
본리동 1196 부근  횡단보도,1
송현동 539-2 부근 횡단보도,1
대천동 499-9 부근 인도,1
송현동 295-84 부근 버스정류소,1
죽전동 200-7 부근 인도,1
대곡동 1028 부근 소화전,1
성당동 489-19 부근 인도,1
신당동 1710-11 부근 버스정류장,1
본리동 1151-11 부근 횡단보도,1
상인동 1454-1 횡단보도,1
상인동 1573 부근 인도,1
성당동 263-9 부근 인도,1
본리동 1150 부근  황색실선,1
본리동 665-2 부근  모퉁이,1
상인동 1458-34 횡단보도 침범,1
본리동 371-1 부근 인도,1
월성동 1334-4 부근 인도,1
상인동 910-2 부근 인도,1
이곡동 1000-218 부근 버스정류소,1
도원동 748 부근 횡단보도,1
월성동 275 부근 교차로모퉁이,1
두류동 1227-14 부근 인도,1
송현동 59-12 부근 인도,1
진천동 829-28 부근 횡단보도,1
월성동 363 소화전,1
본리동 657-3 부근  교차로모퉁이,1
대곡동 1081 부근 횡단보도,1
송현동 1991-19 횡단보도,1
송현동 289-5 부근 교차로모퉁이,1
도원동 1396-325 부근 횡단보도,1
송현동 205-30 부근 인도,1
이곡동 556-6 부근 교차로 모퉁이,1
죽전동 266-7 부근 인도,1
송현동 1931-25 부근 인도,1
본리동 1151 교차로모퉁이,1
도원동 1463-5부근 횡단보도,1
장기동 180-23 부근 버스정류소,1
성당동 833-1 부근 인도,1
상인동 1500 인도,1
진천동 15-6 부근 교차로모퉁이,1
호산동 392  부근 횡단보도,1
상인동 1572-10 인도 침범,1
도원동 1462-6 부근  횡단보도,1
상인동 1506 교차로모퉁이,1
상인동 1512 교차로모퉁이,1
이곡동 1200-6 부근 인도,1
진천동 49-19 부근 인도,1
상인동 1578-1 인도,1
월성동 609-6 부근 모퉁이,1
본리동 1220 부근 모퉁이,1
본리동 1208-6 부근 버스장류소,1
유천동 583 부근 횡단보도,1
죽전동 273-3 부근 횡단보도,1
용산동 959-1 부근 횡단보도,1
본리동 184-6 부근 모퉁이,1
본동 616-7 부근 교차로모퉁이,1
진천동 월배로 102 부근,1
본리동 1150 부근 소화전,1
용산동 973 부근 이중주차,1
신당동 1677-9 부근,1
성당동 260-4 부근,1
월성동 1314-1 부근 인도,1
대천동 1035 부근 황색복선,1
죽전동 200-5 부근 인도,1
이곡동 1305 부근 횡단보도 정지선,1
상인동 1460-16 부근 인도,1
호림동 22-1 부근 횡단보도,1
성당동 490-1 부근 인도,1
성당동 380-5 부근 횡단보도정지선,1
용산동 618-27 부근 인도,1
송현동 968-2 부근 인도,1
상인동 1528-4 인도,1
본리동 75-1부근 소화전,1
감삼동 605-8 부근 교차로모퉁이,1
두류동 1335-36 부근 인도,1
두류동 825-25 부근 횡단보도,1
송현동 283-1 부근 인도,1
월성동 1865 부근 횡단보도,1
송현동 산 65-4 부근 버스정류소,1
상인동 1-24 횡단보도,1
본동 822-1 부근 인도,1
죽전동 280-6 부근 횡단보도,1
두류동 812-1 부근 횡단보도,1
상인동 1523-1 부근 횡단보도,1
신당동 산 34-7 부근 황색실선,1
두류동 1273-41 부근 인도,1
두류동 1254-8 부근 횡단보도,1
이곡동 1205-1 부근 교차로 모퉁이,1
성당동 639-3 부근  횡단보도,1
성당동 202-24 부근 횡단보도,1
성당동 641-2 부근 교차로모퉁이,1
대곡동 1018-5 부근 인도,1
성당동 461-14 부근 횡단보도정지선,1
본동 608-12 소화전,1
상인동 1551 부근 교차로모퉁이,1
용산동 443  부근 횡단보도,1
용산동 420  부근 횡단보도,1
상인동 255-13 인도침범,1
신당동 1723-9 부근 인도,1
두류동 150-5 부근 인도,1
월성동 733-7 부근 어린이보호구역,1
용산동 912 부근 횡단보도,1
상인동 950 횡단보도,1
용산동 415 부근 버스정류소,1
상인동 150-21 인도 침범,1
진천동 608-4 부근 모퉁이,1
이곡동 1224 부근 횡단보도,1
송현동 1962-25 부근 횡단보도,1
진천동 626-14 부근 교차로모퉁이,1
유천동 542-44 부근 횡단보도,1
송현동 1944 부근 횡단보도,1
두류동 487-25 부근 버스정류소,1
본리동 1151-31 부근 소화전,1
본리동 1151-31 부근 횡단보도정지선,1
본리동 166-16 부근 인도,1
본리동 1209-5 부근 인도,1
용산동 505-4 부근 횡단보도,1
송현동 240-1 부근 교차로모퉁이,1
본리동 1152 부근 횡단보도 정지선,1
유천동 582 부근  교차로,1
성당동 459-5 부근  횡단보도,1
성당동 750-1 부근 모퉁이,1
이곡동 1188 부근 교차로 모퉁이,1
월성동 270-7 부근 횡단보도 정지선,1
이곡동 890-15 부근 횡단보도,1
유천동 537-13 부근 횡단보도,1
진천동 106-8 부근 인도,1
신당동 455 부근  모퉁이,1
호림동 14-21 부근 인도,1
용산동 594-5 부근 횡단보도,1
이곡동 1345-3 부근 횡단보도,1
이곡동 1338-8 부근 인도,1
이곡동 1345-1 부근 횡단보도,1
대곡동 70-1 부근 교차로모퉁이,1
상인동 726-1 인도침범,1
상인동 759 인도침범,1
성당동 631-3 부근 인도,1
이곡동 1224-5 부근 횡단보도,1
유천동 332-2 부근 교차로모퉁이,1
신당동 571 부근 인도,1
감삼동 476-1 부근 교차로모퉁이,1
용산동 414-1 부근 황색복선,1
이곡동 1221부근 인도,1
상인동 1348-5 부근 횡단보도,1
이곡동 1202-10 부근 횡단보도,1
두류동 473-6 부근 인도,1
이곡동 1244-1 부근 교차로 모퉁이,1
용산동 장산남로 30 부근 모퉁이,1
송현동 2045 부근,1
진천동 731-9 부근 인도,1
진천동 620-4 부근 횡단보도,1
진천동 619-7 부근 이중주차,1
두류동 828-13 부근 인도,1
성당동 643-3 부근 인도,1
신당동 556 부근 모퉁이,1
이곡동 1308-1 부근 버스정류소,1
송현동 195-7 부근 교차로모퉁이,1
본리동 1151-13 부근 횡단보도,1
상인동 1421-3 부근 횡단보도,1
진천동 2-23 부근 모퉁이,1
진천동 809-77 부근 교차로모퉁이,1
월암동 1136 부근,1
월성동 1882 부근 힝단보도,1
성당동 498-8 부근 횡단보도정지선,1
상인동 70-3 부근 인도,1
이곡동 1045-1 부근 횡단보도,1
성당동 277-10 부근 인도,1
대곡동 1021-1부근 교차로모퉁이,1
송현동 2008-14 부근 횡단보도,1
대천동 441-1 부근 황색실선,1
성당동 202-32 부근  횡단보도,1
유천동 588-3 부근  모퉁이,1
월성동 1423 부근 횡단보도,1
이곡동 1244-4 부근 인도,1
송현동 2012-2 부근 버스정류소,1
상인동 255-2 인도,1
용산동 507 부근 횡단보도,1
월성동 1539-5 부근,1
호산동 386-15 부근 소화전,1
송현동 2015-33 부근 횡단보도,1
상인동 1533-14 횡단보도,1
용산동 367-13 부근 횡단보도,1
감삼동 43-20 부근 횡단보도,1
상인동 1332-291 부근 인도,1
상인동 1546-4 부근 횡단보도,1
진천동 492-20 부근 교차로모퉁이,1
감삼동 473-6 부근 교차로모퉁이,1
두류동 113-3 부근 교차로모퉁이,1
장기동 810-2 횡단보도,1
장기동 80 부근,1
송현동 1977-9 부근 교차로모퉁이,1
이곡동 1220-10 부근 횡단보도 정지선,1
두류동 1181-6 부근 인도,1
용산동 962 부근 교차로모퉁이,1
송현동 195-7 부근 횡단보도정지선,1
대천동 355-4 부근 교차로모퉁이,1
두류동 614-5 부근 횡단보도,1
이곡동 1181 부근 교차로 모퉁이,1
죽전동 257-9 부근 횡단보도,1
송현동 318-3 부근 교차로모퉁이,1
용산동 410-8 부근 인도,1
용산동 902-1 소화전,1
죽전동 277-1 부근 교차로모퉁이,1
감삼동 465-12 부근 횡단보도정지선,1
감삼동 456-6 부근 횡단보도정지선,1
성당동 54-54 부근 인도,1
송현동 2006-10 부근 인도,1
성당동 428-17 부근 인도,1
본리동 397 부근 인도,1
상인동 950 부근 인도,1
상인동 1475 인도침범,1
송현동 2015-9 부근 횡단보도,1
호산동 721 부근 횡단보도정지선,1
월성동 1899 부근 교차로모퉁이,1
상인동 1528-3 인도침범,1
송현동 64-11 부근 황색복선,1
본리동 166-20 부근 인도,1
진천동 106-14 부근 교차로모퉁이,1
성당동 636-4 부근,1
대곡동 1115-3 부근 횡단보도,1
성당동 695-31 부근 횡단보도,1
유천동 633 부근 인도,1
송현동 2008-13 부근 인도,1
성당동 52-33 부근 인도,1
이곡동 1199 횡단보도,1
죽전동 180-1 부근 교차로모퉁이,1
성당동 632-2 부근 인도,1
호림동 19 부근 소화전,1
대곡동 산 153-12 부근 횡단보도,1
송현동 158-7 부근,1
상인동 889-2 횡단보도,1
대곡동 946 부근 횡단보도,1
성당동 630-1 부근 횡단보도정지선,1
이곡동 1356-22 부근 횡단보도,1
진천동 694-7 부근 횡단보도,1
두류동 1335-1 부근 인도,1
송현동 2006-31 부근 인도,1
두류동 613-13 부근 횡단보도,1
죽전동 269-8 부근 인도,1
상인동 325-13 부근 인도,1
상인동 1536-16 버스정류소,1
송현동 121-3 부근 횡단보도,1
상인동 1537 부근 횡단보도,1
본리동1220 부근 횡단보도,1
송현동 2008-33 부근 교차로모퉁이,1
송현동 2005-13 부근 교차로모퉁이,1
감삼동 701-6 부근 횡단보도정지선,1
대곡동 3-4 부근 인도,1
상인동 1401-5 횡단보도,1
성당동 392-12 부근,1
진천동 247-12 부근 교차로모퉁이,1
진천동 825-21 부근 인도,1
두류동 840-159 부근 인도,1
진천동 825-18 부근 인도,1
진천동 836-8 부근 인도,1
본리동 76-1 부근 횡단보도,1
성당동 54-8 부근 인도,1
상인동 1517 부근 교차로모퉁이,1
도원동 1396-295 부근 인도,1
대곡동 1012 부근 버스정류소,1
두류동 489-9 부근 황색실선,1
본리동 1151부근 인도,1
진천동 618-6 부근 횡단보도,1
진천동 810-1 부근 횡단보도,1
상인동 229 부근 인도,1
대곡동 1020 부근 횡단보도,1
죽전동 255-8 부근 횡단보도,1
상인동 1572-11 인도 침범,1
진천동 526-1 부근 인도,1
유천동 588-3 부근 탄력봉,1
대천동 474 부근 횡단보도,1
용산동 230 부근 교차로모퉁이,1
신당동 서당로 3 부근,1
용산동 415 부근 횡단보도정지선,1
월성동 1261-6 부근 교차로모퉁이,1
도원동 1396-37 부근 교차로모퉁이,1
월성동 1539-5 부근 교차로모퉁이,1
상인동 800-9 인도,1
감삼동 29-21 부근 인도,1
이곡동 1347-9 부근 횡단보도,1
진천동 545-2 부근 횡단보도,1
진천동 545-2 부근 황색실선,1
성당동 72-10 부근 인도,1
죽전동 270-25 부근 교차로모퉁이,1
죽전동 374-14 부근 인도,1
성당동 460-8 부근  모퉁이,1
상인동 1177-3 부근 인도,1
송현동 2015-31 부근 인도,1
대곡동 410 부근 인도,1
월성동 274 부근 인도,1
본리동 1204-12 부근 횡단보도,1
두류동 825-19 부근 황색실선,1
호산동 714-1 부근 횡단보도,1
감삼동 140-32 부근 인도,1
본리동 193-3 부근 모퉁이,1
신당동 1784-17 부근 교차로모퉁이,1
본리동 433 부근  횡단보도,1
두류동 825-9 부근 횡단보도,1
장기동 825-5 부근 인도,1
대천동 941-3 부근 횡단보도,1
송현동 중흥로 33  부근,1
송현동 2014-2 부근 교차로모퉁이,1
월성동 1899 부근 교차로,1
대곡동 1163 부근 교차로모퉁이,1
이곡동 1306-6 부근 교차로 모퉁이,1
상인동 1555 부근 인도,1
본리동 1152 부근  횡단보도,1
상인동 1573-4 부근 인도,1
상인동 1401-5 부근 인도,1
상인동 1527 부근 횡단보도,1
성당동 397-4 부근 교차로모퉁이,1
상인동 818 부근 교차로모퉁이,1
송현동 60-1 부근 황색실선,1
송현동 60-1 부근 안전지대,1
송현동 59-12 부근 횡단보도,1
성당동 567-7 부근 인도,1
성당동 831-2 부근  횡단보도,1
호림동 14-4 부근 인도,1
이곡동 1267 부근 횡단보도,1
이곡동 1346 부근 횡단보도 정지선,1
두류동 1227-19 부근 인도,1
호산동 713 부근 횡단보도,1
월성동 1407-7 부근 인도,1
이곡동 1200-5 부근 횡단보도,1
장기동 814-2 부근 교차로모퉁이,1
상인동 1457-10 부근 횡단보도,1
이곡동 1230-1 부근 교차로 모퉁이,1
두류동 148-11 부근 인도,1
도원동 1463-2 부근 교차로모퉁이,1
이곡동 1202-8 부근 횡단보도,1
송현동 2015-32 부근 횡단보도,1
본리동 1150 부근  인도,1
성당동 536-12 부근 횡단보도정지선,1
감삼동 473-6 부근 인도,1
월성동 1427-21 부근,1
용산동 954-7 부근 황색복선,1
용산동 954-17 부근 안전지대,1
성당동 570-7 부근,1
상인동 190-4 인도,1
두류동 1281-12 부근 교차로모퉁이,1
월성동 1142-15 부근 인도,1
상인동 1453-7 부근 교차로모퉁이,1
대곡동 1088 부근 황색복선,1
월성동 790-1 부근 인도,1
유천동 327-1 부근 횡단보도,1
성당동 392-14 부근 인도,1
송현동 2007-12 부근 인도,1
감삼동  491-1 부근 교차로모퉁이,1
성당동 665-6 부근 버스정류장,1
상인동 1431 부근 횡단보도,1
도원동 1462-4 부근 횡단보도,1
진천동 774-3 부근 교차로모퉁이,1
감삼동 456-6 부근 모퉁이,1
이곡동 1222-3 부근 교차로 모퉁이,1
월성동 970 부근 인도,1
감삼동 573 부근 교차로모퉁이,1
상인동 246-21 인도,1
성당동 670-30 부근 횡단보도,1
감삼동 103-1 부근 소화전,1
용산동 성지로 12 부근,1
신당동 682-2 부근 인도,1
상인동 1594-2 부근 인도,1
죽전동 270-24 부근 교차로모퉁이,1
죽전동270-28 부근 소화전,1
용산동 230-11 부근 횡단보도,1
상인동 1438-1 인도,1
송현동 907-6 부근 교차로모퉁이,1
감삼동 171-1 부근 인도,1
호산동 371-12 부근 소화전,1
본동 1150-33 부근 황색실선,1
송현동 629-1 부근 횡단보도,1
이곡동 1345-9 부근 인도,1
이곡동 1345-10 부근 인도,1
이곡동 1329 부근 횡단보도 정지선,1
성당동 833 부근 횡단보도,1
이곡동 1250-4 부근 교차로 모퉁이,1
본리동 62-7 부근 인도,1
본리동 1152부근 교차로모퉁이,1
본동 1003-3 부근 교차로모퉁이,1
두류동 473-10 부근 교차로모퉁이,1
파호동 89 부근 횡단보도,1
월곡초등학교 어린이보호구역,1
상인동 1109-10 부근 황색복선,1
본리동 429-2 부근 인도,1
상인동 1555 부근 횡단보도,1
상인동 1533-11 부근 인도,1
유천동 103-1 부근 교차로모퉁이,1
진천동 523-11 부근 인도,1
월성동 1557-6 부근 인도,1
장기동 548-1 부근 횡단보도,1
상인동 1555-1 부근 버스정류소,1
감삼동 360-5 부근 인도,1
감삼동 146-1 부근 인도,1
대천동 550-1 부근 교차로모퉁이,1
상인동 1384 부근 인도,1
송현동 500-36 부근 인도,1
신당동 1723-17 부근 버스정류장,1
상인동 150-16 부근 대각주차,1
상인동 150-16 부근 모퉁이,1
이곡동 1203 부근 횡단보도 정지선,1
이곡동 1109 부근 소화전,1
진천동 732 부근 인도,1
본리동 1197 부근  인도,1
본리동 1205-1 부근  인도,1
송현동 2007 부근 교차로모퉁이,1
두류동 1184-5 부근 인도,1
성당동 695-44 부근 인도,1
본리동 145-5 부근 인도,1
진천동 787-1 부근 버스정류소,1
감삼동 553 부근 황색실선,1
대천동 1039 부근 인도,1
상인동 583-84 인도,1
본리동 1196 부근 교차로,1
상인동 1477-3 부근 인도,1
죽전동 60 부근 소화전(일반),1
상인동 산 80-2 인도침범,1
상인동 1161-3 횡단보도,1
성당동 392-44 부근 인도,1
죽전동 379-11 부근 버스정류장,1
신당동 1786-10 부근 소화전(일반),1
대천동 550-41 부근 인도,1
감삼동 102-1 부근 인도,1
상인동 1555-1 횡단보도 정지선,1
본동 구마로 184 부근,1
송현동 50 부근 횡단보도정지선,1
진천동 810-1 부근 횡단보도 정지선,1
장기동 551-3 부근 교차로모퉁이,1
장기동 362-38 부근 인도,1
진천동 572-7 부근 인도,1
본리동 1217-1 부근  횡단보도,1
본리동 1217-1 부근 인도,1
상인동 196-2 인도침범,1
본리동 430-1 부근 교차로모퉁이,1
두류동 494-3 부근 인도,1
진천동 808-120 부근 교차로모퉁이,1
이곡동 1324 부근 교차로 모퉁이,1
두류동 825-15 부근 황색실선,1
두류동 812-1 부근 황색실선,1
성당동 277-1 부근 인도,1
감삼동 64-10 부근 인도,1
진천동 248-6 부근,1
상인동 1566-9 횡단보도,1
감삼동 461 부근 직각주차,1
감삼동 556-1 부근 안전지대,1
상인동 200-1 부근 인도,1
상인롯데백화점 횡단보도,1
감삼동 657-19 부근 황색복선,1
송현동 1944-2 부근 인도,1
상인동 1442-6 교차로모퉁이,1
상인동 1442-17 교차로모퉁이,1
호산동 386 부근 소화전,1
용산동 941-8 부근,1
감삼동 146-13 부근 인도,1
상인동 1332-291 인도,1
상인동 1598 횡단보도 정지선,1
상인동 1464-6 부근 횡단보도,1
상인동 1403-6 부근 교차로모퉁이,1
송현동 월배로 436,1
송현동 2008-13 부근 횡단보도,1
신당동 1846-4 부근 횡단보도,1
상인동 726-1 인도,1
이곡동 1224-4 부근 교차로 모퉁이,1
상인동 1458-34 부근 모퉁이,1
용산동 799-3 부근 인도,1
이곡동 1219 부근 이중주차,1
이곡동 737-1 부근 인도,1
장기동 348-13 부근 인도,1
성당동 52-37 부근 인도,1
송현동 55-2 부근 인도,1
송현동 1927-5 부근 교차로모퉁이,1
호산동 719-2 부근 인도,1
용산동 867 부근 교차로모퉁이,1
두류동 145-26 부근 횡단보도,1
이곡동 1223 부근 교차로 모퉁이,1
신당동 1706-8 부근 교차로모퉁이,1
본리동 430-1 부근  모퉁이,1
용산동 958-14 부근 교차로모퉁이,1
호산동 367-7 부근 교차로모퉁이,1
두류동 487-35 부근 황색실선,1
송현동 158-2 부근 인도,1
진천동 247-5 부근 교차로모퉁이,1
성당동 750-1 부근 인도,1
송현동 109-4 부근 인도,1
상인동 1526 부근 교차로모퉁이,1
송현동 64-11 부근 횡단보도,1
유천동 614 부근 어린이보호구역,1
상인동 1593-1 부근 교차로모퉁이,1
상인동 1593-1 부근 인도,1
용산동 417 부근 황색실선,1
이곡동 1187-7 부근 횡단보도,1
월성동 559-2 부근 모퉁이,1
성당동 118-3 부근 교차로모퉁이,1
유천동 636 부근 횡단보도,1
용산동 964 부근 횡단보도,1
두류동 830-10 부근 횡단보도,1
월성동 1261 부근 횡단보도 정지선,1
본리동 1205-2 부근  횡단보도,1
신당동 1749-5 부근 인도,1
송현동 950-9 부근 인도,1
두류동 746-2 부근 인도,1
월성동 802-1 부근 인도,1
두류동 779-11 부근 교차로모퉁이,1
진천동 44-4 부근 인도,1
도원동 1463-3 부근 횡단보도,1
도원동 1444-4 부근 횡단보도,1
성당동 338-5 부근  모퉁이,1
두류동 857-47 부근 인도,1
두류동 1227-4 부근 인도,1
죽전동 276-16 부근 황색실선,1
성당동 836 부근 교차로,1
월성동 1261-6 부근 황색실선,1
장기동 522-4 부근 인도,1
성당동 828 부근  횡단보도,1
두류동 1248-14 부근 인도,1
두류동 1249-2 부근 인도,1
두류동 485-2 부근 황색실선,1
두류동 1192-67 부근 인도,1
상인동 산 79-5 횡단보도,1
상인동 1514 부근 인도,1
성당동 489-24 부근 인도,1
상인동 620 부근 교차로모퉁이,1
본리동 110-4 부근 인도,1
두류동 486-2 부근 교차로모퉁이,1
상인동 월곡로 320 부근,1
상인동 319-6 교차로모퉁이,1
본리동 110-7 부근 인도,1
대천동 555-4 부근 횡단보도,1
상인동 1579-1 부근 소화전,1
상인동 1502-1 부근 횡단보도,1
용산동 230-5 부근 모퉁이,1
용산동 955 부근 교차로모퉁이,1
본동 681-3 부근 횡단보도,1
감삼동 473-1 부근 교차로모퉁이,1
진천동 248-26 부근 교차로모퉁이,1
신당동 1744-1 부근 교차로모퉁이,1
진천동 810-1 부근 소화전,1
상인동 1589 횡단보도 정지선,1
송현동 1932-2 부근 횡단보도,1
신당동 1744-1 부근 소화전,1
상인동 1177-1 인도,1
성당동 832 부근 교차로모퉁이,1
두류동 473-8 부근 교차로모퉁이,1
상인동 150-16 부근 이중주차,1
상인동 150-16 부근 기타,1
성당동 751 부근 인도,1
송현동 2012-2 부근 인도,1
월성동 611-2 부근 횡단보도 정지선,1
본리동 554 부근 인도,1
호산동 716-4 부근 소화전,1
진천동 545-1 부근 황색실선,1
본리동 671-1 부근 교차로모퉁이,1
성당동 202-41 부근 버스정류소,1
월성동 1861 부근 모퉁이,1
도원동 1440 부근 버스정류소,1
장기동 548-14 부근 횡단보도정지선,1
죽전동 341-1 부근 황색실선,1
진천동 833-26 부근 인도,1
상인동 1525-1 부근 교차로모퉁이,1
상인동 1525-1 부근 황색복선,1
장기동 137-3 부근 황색복선,1
상인동 319-36 부근 인도,1
월성동 1883 부근 교차로모퉁이,1
감삼동 140-32 부근 횡단보도,1
진천동 117-1 부근 인도,1
감삼동 171-5 부근 교차로모퉁이,1
감삼동 476-6 부근 교차로모퉁이,1
이곡동 1198-3 부근 인도,1
성당동 509 부근 횡단보도,1
호산동 99-3 부근 교차로모퉁이,1
호림동 30 부근 인도,1
진천동 558-7 부근 인도,1
송현동 78-3 부근  모퉁이,1
상인동 1551 횡단보도 침범,1
상인동 산 79-5 부근 횡단보도,1
상인동 156 인도,1
성당동 211-6 부근 인도,1
두류동 633-4 부근 횡단보도,1
성당동 202-66 부근 횡단보도,1
두류동 638-4 부근 횡단보도,1
두류동 638-16 부근 횡단보도정지선,1
월성동 1839 부근 횡단보도,1
월성동 609-6 부근  횡단보도,1
송현동 2037 부근 인도,1
용산동 902-1 부근 황색복선,1
진천동 572-4 부근 인도,1
월성동 1816 부근 횡단보도,1
용산동 230-6 부근 버스정류소,1
죽전동 373-15 부근,1
이곡동 1221 부근인도,1
본리동 306-6 부근 인도,1
성당동 202-21 부근 황색실선,1
상인동 1401-3 부근 버스정류소,1
죽전동 338 부근 버스정류소,1
유천동 118-4 부근 교차로 모퉁이,1
죽전동 201-11 부근 인도,1
본동 824-1 부근 횡단보도,1
감삼동 535-2 부근 인도,1
진천동 238-23 부근 교차로 모퉁이,1
용산동 산 4-3 부근  모퉁이,1
죽전동 219-12 부근 황색실선,1
상인동 134-10 황색복선,1
신당동 1749 부근 인도,1
이곡동 1254 부근 교차로 모퉁이,1
상인동 326-7 인도,1
상인동 1565 인도,1
용산동 238-4 부근 교차로모퉁이,1
죽전동 366-10 부근 인도,1
두류동 807-3 부근 교차로모퉁이,1
용산동 980 부근 모퉁이,1
용산동 980 부근  모퉁이,1
성당동 828-21부근 횡단보도,1
죽전동 269-9 부근 인도,1
호산동 373 부근 횡단보도,1
호산동 371-13 부근 횡단보도,1
이곡동 1357 부근 횡단보도 정지선,1
대천동 499-2 부근 인도,1
진천동 69-2 부근 소화전,1
대천동 550-32 부근 인도,1
죽전동 338-2,1
월성동 84-5 부근 횡단보도,1
감삼동 장기로 160 부근,1
대곡동 1140 부근 교차로 모퉁이,1
용산동 420 부근 황색실선,1
성당동 695-30 부근 횡단보도,1
성당동 695-35 부근 인도,1
죽전동 379-16 부근 횡단보도,1
감삼동 553-5 부근 인도,1
상인동 1533 부근 횡단보도,1
죽전동 339 부근  교차로,1
월암동 1141 부근 인도,1
두류동 532-2 부근 횡단보도,1
용산동 929 부근 교차로모퉁이,1
신당동 1748-3 부근 횡단보도정지선,1
성당동 279-9 부근 인도,1
대천동 555 부근 횡단보도,1
본리동 166-16 부근  인도,1
호산동 105-1 부근 교차로모퉁이,1
감삼동 달구벌대로329안,1
죽전동 368 부근 모퉁이,1
상인동 1503 인도,1
죽전동 218-5 부근 인도,1
두류동 495-48 부근 횡단보도정지선,1
진천동 839 부근 횡단보도 정지선,1
용산동 424 부근 횡단보도,1
도원동 612-2 부근 횡단보도,1
상인동 1537 인도,1
감삼동 46 부근 횡단보도,1
두류동 476-19 부근 교차로모퉁이,1
감삼동 465-15 부근 황색실선,1
감삼동 465-15 부근 안전지대,1
도원동 1462-9 부근 교차로 모퉁이,1
용산동 419-5 부근 횡단보도,1
송현동 798-1 부근 교차로모퉁이,1
죽전동 80 부근 인도,1
호산동 713-7 부근 횡단보도,1
죽전동 172-3 부근 인도,1
이곡동 1344 부근 교차로 모퉁이,1
죽전동 341-1 부근 횡단보도,1
진천동 572-10 부근 인도,1
상인동 산 79-5 부근 인도,1
월성동 77 부근 횡단보도,1
유천동 160-2 부근 인도,1
두류동 1295 부근 횡단보도 정지선,1
용산동 934 부근 교차로모퉁이,1
성당동 487-6 부근 교차로모퉁이,1
대곡동 1044 부근 소화전,1
진천동 785-12 부근 인도,1
두류동 776-12 부근 인도,1
유천동 537-17 부근 인도,1
이곡동 663-4 부근 횡단보도,1
본리동 127-5 부근 교차로모퉁이,1
두류동 840-159 부근 횡단보도,1
감삼동 140-17 부근 교차로모퉁이,1
송현동 1948-8 부근 인도,1
월성동 717-3 부근 어린이보호구역,1
두류동 779-27 부근 인도,1
두류동 618-2 부근 횡단보도,1
두류동 619-9 부근 인도,1
상인동 1533-11 부근 횡단보도,1
상인동 1470 부근 인도,1
진천동 618-6 부근 인도,1
송현동 구마로 264 부근,1
장기동 566-12 부근 인도,1
진천동 523-11 부근 교차로 모퉁이,1
두류동 1298-1 부근  모퉁이,1
상인동 1475 교차로모퉁이,1
진천동 471-34 부근 소화전,1
진천동 628-51 부근 소화전,1
용산동 874 부근 소화전,1
본리동 640-1 부근 횡단보도정지선,1
성당동 158-8 부근 횡단보도,1
이곡동 890-13 부근 횡단보도,1
장기동 548-1 부근 안도,1
도원동 1439 부근 교차로,1
본동 925-6 부근 횡단보도,1
본동 616-6 부근 인도,1
이곡동 1200-1 부근 횡단보도,1
상인동 1421-22 인도,1
용산동 921-8 부근 횡단보도,1
성당동 277-19 부근 인도,1
도원동 1438 부근  교차로,1
감삼동 657-19 부근 대각주차,1
두류동 825-15 부근 인도,1
감삼동 342-1 부근 인도,1
두류동 110-17 부근 버스정류소,1
이곡동 1227-12 부근 횡단보도,1
이곡동 1332 부근 교차로 모퉁이,1
본리동 1150 부근  횡단보도,1
용산동 905 부근 인도,1
유천동 396-6 부근 교차로모퉁이,1
이곡동 1202 부근 인도,1
유천동 588-3 부근 교차로모퉁이,1
이곡동 1298 부근 인도,1
장기동 566-3 부근 인도,1
용산동 새방로 28 부근,1
죽전동 256-7 부근 인도,1
두류동 110-7 부근 인도,1
두류동 109-19 부근 인도,1
이곡동 1336-7 부근,1
감삼동 657-24 부근 교차로모퉁이,1
상인동 184 횡단보도 정지선,1
상인동 1500 부근 횡단보도,1
죽전동 204-1 부근 교차로모�v이,1
호산동 720-2 부근 횡단보도,1
상인동 1468-9 부근 인도,1
진천동 732 부근 횡단보도,1
용산동 499-1 부근 횡단보도,1
장기동 149 부근 횡단보도,1
호산동 371-12 부근 횡단보도,1
호산동 720 부근 인도,1
상인동 1468-9 버스정류소,1
진천동 731-10 부근 인도,1
이곡동 1346 부근 교차로 모퉁이,1
월성동 777-2 부근 횡단보도,1
두류동 746-4 부근 횡단보도,1
본동 606-1 부근 버스정류소,1
상인동 196-2 인도 침범,1
성당동 750-29 부근 횡단보도,1
대곡동 1080 부근 인도,1
송현동 500-36 부근 횡단보도,1
성당동 428-3 부근 인도,1
상인동 상화북로 211 부,1
대곡동 1038-3 부근 인도,1
도원동 763-2 부근 횡단보도,1
상인동 1460-38 부근 인도,1
상인동 1460-7 부근 인도,1
월성동 1839 부근 인도,1
진천동 553-5 부근 횡단보도,1
두류동 614-8 부근 교차로모퉁이,1
본동 276 부근,1
도원동 1395-12 부근 횡단보도,1
도원동 677-1 부근 교차로모퉁이,1
유천동 627 부근 횡단보도정지선,1
호산동 719 부근 횡단보도,1
죽전동 364 부근 횡단보도,1
성당동 486-4 부근 횡단보도,1
이곡동 1326 부근 황색복선,1
이곡동 1307 부근 교차로모퉁이,1
성당동 636-4 부근 횡단보도,1
상인동 697-3 부근 인도,1
본리동 1150-9 부근 인도,1
송현동 103-6 부근 교차로모퉁이,1
진천동 511-6 부근 인도,1
본동 1003-1 부근 인도,1
감삼동 443-5 부근 인도,1
진천동 월배로 63,1
본동 1147-28 부근 인도,1
상인동 1548-4 황색실선,1
도원동 1432-4 부근 인도,1
도원동 1438-3 부근 인도,1
성당동 630-1 부근,1
진천동 54-2 부근 인도,1
장기동 813-6 부근 황색실선,1
상인동 상화북로 196 부,1
장기동 548-6 부근 인도,1
신당동 1843 부근 횡단보도,1
대천동 326-1 부근 횡단보도,1
두류동 1252-2 부근 교차로모퉁이,1
성당동 395-6 부근 인도,1
대곡동 1051 부근 횡단보도,1
송현동 61-8 부근 인도,1
대곡동 1146 부근 인도,1
호산동 400-8 부근 횡단보도,1
두류동 1198-25 부근 인도,1
도원동 1462-3 부근 모퉁이,1
대곡동 1140 부근 어린이보호구역,1
본동 594-13 부근 횡단보도,1
성당동 831-1 부근 인도,1
죽전동 219-21 부근 교차로모퉁이,1
진천동 809-89 부근 횡단보도,1
용산동 418 부근교차로모퉁이,1
진천동 808-20 부근 인도,1
진천동 98-3 부근 인도,1
용산동 230-11 부근 버스정류소,1
장기동 808-1 부근 횡단보도,1
월암동 866-3 부근 인도,1
진천동 555-9 부근 인도,1
상인동 1528-1 부근 인도,1
용산동 418 부근 교차로모퉁이,1
대곡동 1035 부근 소화전,1
두류동 1192-4 부근 인도,1
감삼동 473-2 부근 횡단보도,1
상인동 1537 횡단보도,1
월암동 866-4 부근 인도,1
용산동 958-5 부근 인도,1
호산동 400-8 부근 소화전,1
용산동 산 4-3 부근 소화전,1
상인동 180-8 부근 횡단보도,1
대천동 577-21 부근 인도,1
용산동 954-8 부근 황색복선,1
송현동 1909-22 부근 버스정류소,1
이곡초등학교,1
장기동 522-4 부근 교차로모퉁이,1
두류동 131-25 부근 버스정류소,1
상인동 1501 인도 침범,1
이곡동 1037-9 부근 인도,1
송현동 64-12 부근 교차로모퉁이,1
신당동 1697-11 부근 교차로모퉁이,1
성당동 833-1 부근 횡단보도정지선,1
진천동 622-3 부근 인도,1
송현동 136-5 부근 이중주차,1
성당동 198-5 부근 횡단보도,1
도원동1462-9 부근 인도,1
본리동 350-2 부근 인도,1
도원동 1442-3 부근 인도,1
신당동 682-46 부근 교차로모퉁이,1
진천동 534-3 부근 인도,1
본리동 407-1 부근 인도,1
월성동 1349-2 부근 교차로모퉁이,1
월성동 1861 부근 인도,1
장기동 820-12 부근 교차로모퉁이,1
대곡동 413 부근 인도,1
성당동 636-4 부근 교차로모퉁이,1
감삼동 140-17 부근 인도,1
대천동 486-13 부근 횡단보도,1
상인동 586 부근 인도,1
송현동 137-5 부근 인도,1
송현동 2011-40 부근 교차로모퉁이,1
용산동 938-3 부근 횡단보도,1
두류동 81-36 부근 교차로모퉁이,1
용산동 807 부근 부근 안전지대,1
본리동 195-6 부근 횡단보도,1
송현동 1041-2 부근 인도,1
본리동 75-1 부든 횡단보도 정지선,1
진천동 583-1 부근 인도,1
죽전동 366-18 부근 황색실선,1
죽전동 270-26 부근 황색복선,1
두류동 493-7 부근 교차모퉁이,1
상인동 1439 교차로모퉁이,1
성당동 536-3 부근 횡단보도,1
송현동 128-3 부근 인도,1
유천동 42 부근 인도,1
상인동 1582 횡단보도,1
송현동 1932 부근 인도,1
송현동 1948-4 부근 교차로모퉁이,1
본리동 429-3 부근 인도,1
상인동 152-2 인도,1
신당동 1706-9 부근 교차로모퉁이,1
두류동 1245-39 부근 횡단보도,1
진천동 809-67 부근 횡단보도,1
상인동 1550-8 부근 횡단보도,1
감삼동 708 부근 인도,1
성당동 635-1 부근 횡단보도정지선,1
본리동 2-10 부근 인도,1
상인동 1558 부근 교차로모퉁이,1
진천동 716-7 부근 소화전,1
진천동 582 부근 횡단보도,1
상인동 1554-1 횡단보도정지선,1
이곡동 899-16 부근 교차로모퉁이,1
본리동1152 부근 교차로모퉁이,1
용산동 215-38 부근 횡단보도,1
두류동 489-10 부근 인도,1
진천동 15-1 부근 교차로 모퉁이,1
송현동 1968-7 부근 횡단보도,1
호산동 357-60 부근 횡단보도,1
용산동 산4-3 부근 황색실선,1
용산동 902-2 부근 교차로모퉁이,1
횡단보도,1
호산동 711-8 부근 인도,1
감삼동 465-4 부근 횡단보도 정지선,1
장기동 811-6 부근 횡단보도 정지선,1
대곡동 1038-4 부근 인도,1
상인동 1179-3 부근 인도,1
감삼동 196-6 부근 인도,1
용산동 887 부근 인도,1
월성동 283-2 부근 횡단보도,1
감삼동 595-4 부근 인도,1
진천동 2-1 부근 인도,1
월성동 1287-12 부근 횡단보도정지선,1
감삼동 601-6 부근 횡단보도,1
감삼동 305 부근 황색실선,1
성당동 155-1 부근 인도,1
용산로 147-1 부근 인도,1
상인동 1593-8 교차로모퉁이,1
상인동 1589 부근 교차로모퉁이,1
송현동 144-2 부근 횡단보도,1
진천동 5-7 부근 횡단보도,1
두류동 131-2 부근 횡단보도 정지선,1
상인동 1400-5 교차로모퉁이,1
성당동 828-8 부근 인도,1
감삼동 563-7 부근 횡단보도,1
송현동 산 101-1 부근 횡단보도,1
신당동 1721-16 부근 인도,1
용산동 592-10 부근 인도,1
상인동 1596 부근 횡단보도,1
상인동 355-1 횡단보도,1
상인동 247-2 인도침범,1
월성동 1533-7 부근 인도,1
죽전동 339 부근 소화전,1
월성동 학산로2길 27 부,1
대곡동 비슬로 2724 부근,1
대곡동 1070 부근 횡단보도,1
성당동 828-10 부근 인도,1
본리동 362-1 부근 교차로모퉁이,1
용산동 807 부근  주차금지봉,1
용산동 882-1 부근 어린이보호구역,1
월성동 275 부근 버스정류장,1
성당동 654-5 부근 인도,1
송현동 1943 부근 교차로모퉁이,1
도원동 1435-4 부근 교차로 모퉁이,1
도원동 1442 부근 교차로 모퉁이,1
신당동 1818-4 부근 이중주차,1
상인역3번출구 인도,1
용산동 954-18 부근 황색실선,1
두류동 135-10 부근 횡단보도,1
진천동 808-142 부근 횡단보도,1
감삼동 102-9 부근 교차로모퉁이,1
감삼동 358 부근 소화전(일반),1
상인동 1516 인도,1
용산동 418 부근 횡단보도정지선,1
상인동 1536-16 버스정류장,1
감삼동 553-2 부근 교차로모퉁이,1
이곡동 1303 부근 버스정류소,1
대곡동 1015-5 부근  횡단보도,1
이곡동 654-4 부근 횡단보도,1
월성동 674-9 부근 횡단보도 정지선,1
도원동 1462 부근 교차로 모퉁이,1
진천동 503-4 부근 인도,1
월성동 1551 부근 교차로모퉁이,1
상인동 1554-4 횡단보도 정지선,1
성당동 485-2 부근 인도,1
성당동 460-5 부근 인도,1
감삼동 360-4 부근 황색실선,1
도원동 1446 부근 인도,1
이곡동 663-4 부근 인도,1
신당동 283-4 부근,1
신당동 407-1 부근 인도,1
월성동 1381 부근 소화전,1
진천동 545-5 부근 횡단보도,1
두류동 1249-18 부근 인도,1
두류동 1245-38 부근 인도,1
유천동 542-10 부근 횡단보도,1
성당동 566-4 부근 인도,1
용산동 산4-3 부근  모퉁이,1
송현동 1959-16 부근 인도,1
성당동 486-1 부근 횡단보도,1
월성동 1327-3 부근 모퉁이,1
신당동 1086-1 부근 인도,1
상인동 436 인도,1
호산동 357-12 부근 교차로모퉁이,1
성당동 829-23 부근 교차로모퉁이,1
두류동 494-17 부근 횡단보도,1
도원동 1457 부근 인도,1
송현동 957-2 부근 인도,1
진천동 508 부근 인도,1
유천동 332-2 부근 교차로 모퉁이,1
장기동 846 부근 황색실선,1
장기동 846 부근 황색복선,1
도원동 1463 부근 황색실선,1
죽전동 338-2 부근 버스정류소,1
용산동 856 부근 횡단보도,1
이곡동 1222-4 부근 횡단보도정지선,1
송현동 798-9 부근 횡단보도,1
대천동 909 부근 교차로모퉁이,1
대천동 341 부근,1
용산동 새방로 2 부근,1
상인동 1556 부근 인도,1
이곡동 1222-2 부근 횡단보도,1
이곡동 1224-1 부근 교차로모퉁이,1
이곡동 1223 부근  모퉁이,1
이곡동 1345-2 부근 횡단보도,1
이곡동 1309 부근 버스정류장,1
성당동 705-8 부근 횡단보도,1
상인동 1115-2 황색복선,1
용산동 239-1 부근 소화전,1
송현동 1959-2 부근 인도,1
대천동 536-4 부근 횡단보도,1
상인동 1592 안전지대,1
감삼동 549-2 부근 횡단보도,1
감삼동 558-6 부근 교차로모퉁이,1
진천동 290-16 부근 횡단보도 정지선,1
진천동 228-4 부근 교차로모퉁이,1
이곡동 1198-5 부근 인도,1
송현동 100-1 부근 인도,1
도원동 1463-2부근 인도,1
상인동 1589 횡단보도,1
상인동 901-4 교차로모퉁이,1
감삼동 69-4 부근 교차로모퉁이,1
감삼동 69-1 부근 인도,1
장기동 817-1 부근 인도,1
호산동 357-115 부근 소화전,1
감삼동 553-6 부근 교차로모퉁이,1
도원동 1067-1 부근 교차로 모퉁이,1
도원동 1067-1 부근 인도,1
진천동 57-14 부근 인도,1
상인동 1594-2 부근 횡단보도,1
신당동 산 39-9 부근 교차로모퉁이,1
진천동 96 부근 인도,1
용산동 230-24 부근 횡단보도,1
월성동 1300 부근 횡단보도,1
이곡동 1254-6 부근 횡단보도,1
감삼동 64-13 부근 인도,1
상인동 1533-13 부근,1
상인동 1533 인도,1
성당동 61-5 부근 교차로모퉁이,1
본동 619-1 부근 횡단보도,1
송현동 1959-10 부근 인도,1
본리동 388-1 부근 횡단보도,1
와룡로 252 부근 교차로모퉁이,1
죽전동 338 부근  교차로모퉁이,1
본리동 400-1 부근 인도,1
이곡동 1323-24 부근 인도,1
월성동 1822 부근 횡단보도정지선,1
본리동 382-2 부근 교차로모퉁이,1
용산동 519-13 부근 인도,1
유천동 95 부근 버스정류소,1
유천동 97 부근 버스정류소,1
유천동 191 부근 버스정류소,1
진천동 587-9 부근 인도,1
본리동 401-1 부근 소화전,1
이곡동 1220-7 부근 교차로모퉁이,1
진천동 231-2 부근 인도,1
이곡동 1000-258 부근 인도,1
도원동 950 부근 인도,1
대곡동 1029-2부근 횡단보도,1
대곡동 1030부근,1
도원동 1457-3부근 횡단보도,1
상인동 247-2 교차로모퉁이,1
장기동 45 부근 인도,1
대곡동 924-5 부근 인도,1
본리동 403-5 부근 인도,1
두류동 산 326-28 부근 횡단보도정지선,1
용산동 807 부근  황색실선,1
진천동 809-104 부근 소화전,1
장기동 848 부근  교차로모퉁이,1
본리동 1150-39 부근 교차로모퉁이,1
감삼동 146-3 부근 교차로모퉁이,1
성당동 705-18 부근 인도,1
진천동 586-7 부근 교차로 모퉁이,1
월성동 1260 부근 인도,1
이곡동 1230-1 부근 인도,1
본동 609-5 부근 소화전,1
상인동 518 인도,1
대천동 438-1 부근 황색실선,1
도원동 1463 부근  인도,1
이곡동 1200-7 부근 인도,1
감삼동 553 부근 교차로모퉁이,1
용산동 973 부근 황색복선,1
이곡동 1220-21 부근 횡단보도,1
진천동 106-5 부근 인도,1
성당동 52-65 부근 횡단보도,1
성당동 52-1 부근 횡단보도,1
성당동 490-3 부근,1
상인동 1442-4 인도,1
두류동 491-7 부근 횡단보도,1
대곡동 1029-2부근 소화전,1
용산동 902-1 부근 인도,1
상인동 1515-1 횡단보도,1
송현동 139-6 부근 횡단보도,1
상인동 1396 부근 인도,1
이곡동 1196-11 부근 횡단보도,1
본리동 208-3 부근 횡단보도정지선,1
상인동 518 부근 인도,1
대곡동 1150 부근 교차로 모퉁이,1
신당동 선원로 2 부근,1
진천동 105-1 부근 횡단보도,1
신당동 571 부근 교차로모퉁이,1
용산동 962부근 횡단보도,1
용산동 962부근 횡단보도 정지선,1
용산동 963부근 횡단보도,1
용산동 230-21부근 횡단보도,1
장기동 810-2 부근  인도,1
이곡동 1200 부근 교차로모퉁이,1
상인동 228-26 황색복선,1
대곡동 1147 부근 횡단보도,1
본리동 1151-30부근 인도,1
성당동 412-4 부근,1
성당동 398-10 부근 교차로모퉁이,1
성당동 398-4 부근 횡단보도,1
성당동 398-4 부근,1
죽전동 180-1 부근 횡단보도,1
본리동 1150부근 인도,1
대곡동 1021부근 인도,1
대곡동 1069-2 부근 횡단보도,1
상인동 1557-2 횡단보도 정지선,1
상인동 1177-9 부근 인도,1
상인동 204-4 교차로모퉁이,1
성당동 64 부근 횡단보도 정지선,1
죽전동 368 부근,1
이곡동 1196 부근 횡단보도,1
상인동 월배로 188 부근,1
상인동 1596 부근 인도,1
상인동 76-10 인도침범,1
두류동 776-11 부근,1
상인동 1555-1 버스정류장,1
죽전동 339-2 부근 횡단보도,1
감삼동 45-1 부근 교차로모퉁이,1
유천동 612 부근 황색실선,1
상인동 249-5 부근 인도,1
진천동 774-3 부근 교차로 모퉁이,1
진천동 505-6 부근 횡단보도,1
송현동 1990-10 부근 인도,1
용산동 502 부근 인도,1
이곡동 1000-303 부근 횡단보도,1
죽전동 251 부근 인도,1
대곡동 1080-1 부근 횡단보도 정지선,1
대곡동 1150부근 횡단보도,1
죽전동 179-15 부근 교차로모퉁이,1
진천동 57-22 부근 횡단보도,1
이곡동 1218 부근 교차로 모퉁이,1
호산동 718-10 부근 인도,1
호림동 10-2 부근 인도,1
이곡동 1250-18 부근 인도,1
이곡동 1250-19 부근 횡단보도,1
도원동 1463-1 부근 교차로모퉁이,1
도원동 948 부근 인도,1
대곡동 7-6 부근 인도,1
상인동 72-15 부근 횡단보도,1
용산동 230-5 부근  인도,1
죽전동 372 부근 횡단보도,1
유천동 603 부근 인도,1
스타벅스상인역점 인도 침범,1
감삼동 571-1 부근 횡단보도정지선,1
본리동 88-5 부근 교차로모퉁이,1
본리동 1150 부근 횡단보도 정지선,1
본동 614-7 부근 소화전,1
이곡동 1273 부근 인도,1
성당동 392-39 부근 인도,1
진천동 843 부근 횡단보도 정지선,1
월성동 1846 부근 횡단보도정지선,1
도원동 620-1 부근 횡단보도,1
도원동 1439-5 부근 횡단보도,1
송현동 139-4 부근 인도,1
용산동 856 부근  안전지대,1
유천동 594-1 부근 인도,1
이곡동 1200 부근 인도,1
용산동 939-9 횡단보도,1
대곡동 1141부근 횡단보도,1
월성동 1837 부근 횡단보도,1
도원동 1438부근,1
이곡동 1239 부근 횡단보도,1
이곡동 이곡공원로 49 부,1
상인동 112-3 교차로모퉁이,1
상인동 112-3 부근 횡단보도,1
두류동 480-14 부근 버스정류소,1
본리동 66-16 부근 교차로모퉁이,1
성당동 산 214-1 부근 교차로모퉁이,1
송현동 906 부근 인도,1
호림동 17-1 부근 인도,1
도원동 1430-2 부근 교차로모퉁이,1
월성동 1139-2 부근 인도,1
월암동 1141 부근  횡단보도,1
성당동 262-1 부근 인도,1
죽전동 382 부근  모퉁이,1
감삼동 360-5 부근,1
죽전동 363-16 부근 인도,1
신당동 1784-17 부근 인도,1
상인동 1474-1 횡단보도,1
유천동 534-42 부근 인도,1
송현동 1920-19 부근 인도,1
두류동 1252-61 교차로모퉁이,1
진천동 643-9 부근 교차로 모퉁이,1
죽전동 333-12 부근 인도,1
월성동 1196-4 부근 횡단보도,1
달서구 호림동 31 부근 인도,1
용산동 507 부근 인도,1
월성동 483-1 부근 횡단보도,1
용산동 920-7 부근 횡단보도,1
이곡동 1188-1 부근 인도,1
상인동 1500 횡다보도 정지선,1
도원동 1454 부근 교차로 모퉁이,1
본리동 1151-31부근 교차로모퉁이,1
상인동 1517-1 인도,1
본리동 1152부근 횡단보도,1
신당동 1710-9 부근 버스정류장,1
성당동 705-38 부근 인도,1
월성동 1317-1 부근 인도,1
월성동 1310-1 부근 횡단보도 정지선,1
용산동 807 부근 모퉁이,1
송현동 950 부근 인도,1
본리동 671-1 부근 횡단보도,1
성당동 281-5 부근 교차로모퉁이,1
감삼동 357 부근 모퉁이,1
월성동 1327-3 부근 인도,1
상인동 1557-2 인도,1
송현동 1976-11 부근 인도,1
용산동 418 부근 버스정류소,1
송현동 1036-5 부근 교차로모퉁이,1
상인동 1477-2 부근 인도,1
유천동 641 부근 횡단보도,1
이곡동 1202-16 부근 인도,1
도원동 1433-4 부근 교차로모퉁이,1
신당동 1736-2 부근 모퉁이,1
본리동 76-4 부근  횡단보도,1
성당동 664 부근 인도,1
감삼동 29-26 부근 인도,1
송현동 1031-10 부근 횡단보도,1
월성동 1327-3 부근 횡단보도,1
본동 959-3 부근 교차로모퉁이,1
두류동 114-15 부근 교차로모퉁이,1
진천동 44-1 부근 인도,1
도원동 1462-6 부근 교차로 모퉁이,1
이곡동 1306-1 부근 인도,1
용산동 977 부근 버스정류소,1
두류동 779-11 부근 황색실선,1
송현동 1920-8 부근 횡단보도,1
상인동 1437 횡단보도,1
상인로 25 부근 횡단보도,1
상인동 1578-5 횡단보도 정지선,1
상인동 1577-5 부근 인도,1
신당동 1793 부근 횡단보도,1
대곡동 409 부근 인도,1
호산동 382 부근 교차로모퉁이,1
송현동 189-6 부근 교차로모퉁이,1
상인동 1520 횡단보도 정지선,1
성당동 산 215-4 부근 인도,1
월성동 1219-3 부근 교차로모퉁이,1
대천동 555 부근횡단보도,1
신당동 1786-19 부근,1
감삼동 23-22 부근,1
송현동 2014-12 부근 인도,1
상인동 1439-5 부근 교차로모퉁이,1
상인동 1-24 부근 횡단보도,1
성당동 202-41 부근 인도,1
감삼동 450-1 부근 인도,1
죽전동 338 부근 횡단보도 정지선,1
본동 694-1 부근 모퉁이,1
진천동 400-2 부근 인도,1
이곡동 1000-316 부근 횡단보도,1
진천동 49-10 부근 교차로 모퉁이,1
도원동 1430 부근 인도,1
감삼동 709 부근 인도,1
신당동 1677-11 부근 인도,1
감삼동 305  부근 인도,1
용산동 499-12 부근 인도,1
감삼동 567-16 부근 횡단보도,1
본리동 1150-39 부근 황색복선,1
진천동 618-8 부근 횡단보도,1
월성동 1310-1 부근 횡단보도,1
월성동 1264 부근 인도,1
도원동 1429부근 교차로모퉁이,1
용산동 464-5 부근 횡단보도,1
유천동 488부근 횡단보도,1
본리동 110-7부근 횡단보도,1
대곡동 1140부근 횡단보도,1
대천동 520-3부근 인도,1
대곡동 1043부근 횡단보도,1
이곡동 1218 부근 횡단보도,1
성당동198-38 부근 횡단보도,1
진천동 503 부근 횡단보도,1
본리동 1151-30 부근,1
진천동 272-3 부근 횡단보도,1
도원동 1395-10 부근 횡단보도,1
용산동 416-3 부근 횡단보도,1
감삼동 581-2 부근 횡단보도,1
용산동 499-14 부근 인도,1
죽전동 274-4 부근 횡단보도,1
대곡동 1167 부근 교차로 모퉁이,1
상인동 1403-18 교차로모퉁이,1
월성동 269 부근 횡단보도,1
죽전동60 부근 소화전,1
두류동 1298 부근 어린이보호구역,1
유천동 월배로 37,1
죽전동 와룡로52안길 6,1
죽전동 74-20 부근 횡단보도정지선,1
용산동 855-19 부근 인도,1
죽전동 349-2 부근 인도,1
죽전동 364-28 부근 인도,1
상인동 1401-5 인도,1
도원동 1451-3 부근 횡단보도,1
진천동 657-1 부근 인도,1
본리동 433 부근 횡단보도 정지선,1
상인동 1332-411 인도,1
성당동 498-8 부근 횡단보도,1
상인동 192 인도,1
본리동 2-2 부근 황색실선,1
감삼동 576-3 부근 교차로모퉁이,1
두류동 89-25 부근 인도,1
도원동 1429  부근 횡단보도,1
감삼동 61-9 부근 인도,1
장기동 566-11 부근 횡단보도,1
감삼동 564-9 부근인도,1
송현동 2026 부근 횡단보도,1
감삼동 620-14 부근 인도,1
죽전동 366-18 부근 인도,1
두류동 706-29 부근 황색복선,1
두류동 1290-2 부근 황색복선,1
용산동 869-4 부근 교차로모퉁이,1
감삼동 121-4 부근 횡단보도정지선,1
상인동 1466-6 부근 인도,1
대곡동 778-6 부근 인도,1
유천동 610부근 어린이보호구역,1
용산동 931-7 부근 인도,1
이곡동 1248-9 부근 인도,1
송현동 1970-4 부근 횡단보도,1
대곡동 1051 부근 횡단보도 정지선,1
성당동 802 부근 이중주차,1
장기동 826-13 부근 교차로모퉁이,1
본동 1132-2 부근,1
도원동 931-12 부근 인도,1
용산동 964 부근,1
죽전동 257-13 부근 횡단보도,1
죽전동 83 부근 인도,1
상인동 70-3 인도,1
대천동 1042부근 횡단보도,1
대곡동 1068-2 부근 횡단보도,1
진천동 602 부근 황색복선,1
상인동 1557 인도,1
장기동 556-1 부근 횡단보도,1
본동 740-1 부근 교차로모퉁이,1
도원동 1396-295 부근 횡단보도,1
용산동 443 부근 인도,1
장기동 762 부근  인도,1
상인동 155-2 횡단보도,1
상인동 1552-3 인도 침범,1
신당동 1723-9 부근 횡단보도정지선,1
이곡동 1196-1 부근 인도,1
이곡동 1356-21 부근 횡단보도,1
이곡동 1194-1 부근,1
송현동 1945-4 부근 인도,1
신당동 1793 부근 황색복선,1
상인동 1563 횡단보도,1
도원동 1444 부근 인도,1
진천동 516-4 부근 인도,1
신당동 1745-2 부근 교차로모퉁이,1
감삼동 360-5 부근 교차로모퉁이,1
두류동 산 326-28 부근 횡단보도 정지선,1
용산동 919 부근 횡단보도 정지선,1
대곡동 1052 부근 인도,1
장기동 538-10 부근 인도,1
장기동 149-2 부근 인도,1
장기동 173-23 부근,1
장기동 811-7 부근 횡단보도,1
두류동 493-7 교차로모퉁이,1
월성동 483-1 부근 인도,1
상인동 257-12 횡단보도,1
진천동 243-6 부근 인도,1
성당동 75-6 부근 인도,1
진천동 586-7 부근 인도,1
진천동 775-2 부근 교차로 모퉁이,1
본리동 1150-39 부근 인도,1
이곡동 1213 부근 인도,1
진천동 545-1 부근 인도,1
본동 771-1 부근 인도,1
장기동 548-14 부근 모퉁이,1
대곡동 화암로71길 19 부근,1
두류동 490-5 부근 횡단보도정지선,1
송현동 61-6 부근 이중주차,1
대곡동 1042 부근 인도,1
두류동 778-7 부근 횡단보도,1
두류동 706-20 부근 교차로모퉁이,1
감삼동 455-11 부근 교차로모퉁이,1
용산동 222-2 부근 교차로모퉁이,1
호산동 357-79 부근 소화전,1
대곡동 19-45 부근 횡단보도,1
상인동 818 부근 인도,1
대곡동 1037-1 부근 인도,1
용산동 956 부근 인도,1
상인동 1555 버스정류소,1
성당동 202-23 부근 교차로모퉁이,1
유천동 612 부근 버스정류소,1
송현동 1901-34 부근 교차로모퉁이,1
두류동 780-6 부근 인도,1
두류동 491-9 부근 교차로모퉁이,1
상인동 1604 부근 횡단보도,1
진천동 531-3 부근 교차로 모퉁이,1
두류동 101-8 부근 인도,1
두류동 776-11 부근 황색복선,1
성당동 476 부근 이중주차,1
상인동 899 부근 횡단보도,1
성당동 714-3 부근,1
유천동 103-1 부근 교차로 모퉁이,1
성당동 636-17 부근,1
대곡동 1128-2 부근 교차로모퉁이,1
신당동 1784-16 부근 횡단보도정지선,1
이곡동 1306-6 부근,1
죽전동 339-3 부근 횡단보도,1
송현동 1919-8 부근 인도,1
용산동 421-13 부근 횡단보도,1
장기동 150-5 부근 횡단보도,1
상인동 월곡로28길 31 부,1
진천동 283-2 부근 교차로모퉁이,1
용산동 208-17 부근 인도,1
용산동 410-2 부근 횡단보도,1
송현동 중흥로9길 12 부,1
본리동 62-2 부근 인도,1
신당동 1818 부근 이중주차,1
신당동 1818-2 부근 이중주차,1
상인동 228-6 횡단보도,1
본동 692-1 부근 횡단보도,1
용산동 416-4 부근 황색복선,1
송현동 1038-5 부근 횡단보도,1
신당동 321-86 부근 인도,1
송현동 530-13 부근 횡단보도,1
성당동 825-19 부근 인도,1
월성동 1495 부근 인도,1
성당동 636-17 부근 인도,1
진천동 15-6 부근 인도,1
감삼동 달구벌대로 1502,1
이곡동 534-3 부근 인도,1
본리동 1150 부근 버스정류장,1
상인동 상화로 373 부근,1
송현동 2045,1
장기동 180-28 부근 인도,1
진천동 107-4 부근 인도,1
월성동 84-2 부근 인도,1
용산동 919 부근 인도,1
성당동 833,1
두류동 495-10 부근 버스정류소,1
성당동 54-2 부근 인도,1
대곡동 1089 부근 쇼차로모퉁이,1
감삼동 20-4 부근 교차로모퉁이,1
호산동 99-2 부근 교차로모퉁이,1
상인동 1516 횡단보도,1
성당동 657-2 부근 횡단보도정지선,1
죽전동 339 부근 횔색실선,1
상인동 1520 부근 횡단보도,1
월성동 317-2 부근,1
장기동 772-14 부근 교차로모퉁이,1
진천동 582-4 부근 인도,1
대천동 441-5 부근,1
신당동 1721-15 부근 인도,1
두류동 1249-10 부근 인도,1
장기동 173-23 부근 인도,1
월성동 1258-5 부근 인도,1
이곡동 120-3 부근 횡단보도,1
대곡동 2-9 부근 인도,1
이곡동 1305 부근 모퉁이,1
이곡동 1186-14 부근 인도,1
도원동 1432-9 부근 횡단보도 정지선,1
용산동 581-1 부근 교차로모퉁이,1
상인동 1332-413 횡단보도,1
용산동 414-1 부근 버스정류소,1
성당동 725 부근 인도,1
송현동 183-12 부근 교차로모퉁이,1
감삼동 605-8 부근 이중주차,1
대곡동 1021 부근 인도,1
도원동 1398-2 부근 횡단보도,1
상인동 월배로39길 6,1
도원동 한실로 134 부근,1
송현동 산 104-6 부근 교차로모퉁이,1
신당동 1745-2 부근,1
상인동 257-12 부근 인도,1
감삼동 575-1 부근 교차로모퉁이,1
송현동 1914-2 부근 횡단보도,1
장기동 150-5 부근,1
두류동 495-43 교차로모퉁이,1
상인동 901-4 횡단보도,1
감삼동 476 부근 인도,1
진천동 45-1 부근 인도,1
진천동 572-11 부근 인도,1
신당동 1677-14 부근 횡단보도정지선,1
신당동 1721-12 부근 횡단보도정지선,1
월성동 1894 부근,1
본리동 380-1 부근 횡단보도,1
진천동 482-10 부근 횡단보도,1
송현동 2012-2 부근 버스정류장,1
상인동 1572-14 횡단보도,1
감삼동 521 부근 교차로모퉁이,1
송현동 1951-4 부근 교차로모퉁이,1
상인동 1559 횡단보도 정지선,1
성당동 202-21 부근 횡단보도,1
대곡동 1153 부근 인도,1
상인동 1578-5 부근 횡단보도,1
송현동 275-13 부근 교차로모퉁이,1
대곡동 1038-2 부근 인도,1
유천동 622 부근 횡단보도,1
상인동818 부근 횡단보도,1
용산동 902 부근 교차로모퉁이,1
두류동 486-2 부근 소화전,1
진천동 659-8 부근 교차로 모퉁이,1
본동 822-1 부근 횡단보도,1
두류동 570-1 부근 횡단보도정지선,1
송현동 1948-5 부근 횡단보도,1
용산동 268-5 부근 교차로모퉁이,1
도원동 1462-3부근 교차로모퉁이,1
도원동 1462 부근 모퉁이,1
대곡동 1021-5 부근 횡단보도 정지선,1
죽전동 211-2 부근 교차로모퉁이,1
두류동 494-17 부근 교차로모퉁이,1
상인동 1538 인도,1
상인동 1536-12 횡단보도 정지선,1
이곡동 1250-18 부근 횡단보도,1
용산동 836 부근 소화전,1
진천동 531-3 부근 교차로모퉁이,1
신당동 556 부근 인도,1
유천동 542-13 부근 횡단보도,1
죽전동 279-16 부근 황색실선,1
장기동 91-3 부근 인도,1
상인동 52-2 부근 인도침범,1
상인동 1108-8 횡단보도 정지선,1
죽전동 200-1 부근 황색실선,1
송현동 2012-2 부근 교차로모퉁이,1
신당동 1762 부근 버스정류소,1
본동 609-6 부근 버스정류소,1
본동 609-6 부근 횡단보도,1
두류동 1218-1 부근 인도,1
감삼동 562-2 부근 교차로모퉁이,1
두류동 123-8 부근 횡단보도 정지선,1
죽전동 341 부근 교차로모퉁이,1
도원동 1438 부근 황색복선,1
본리동 110-4 부근 횡단보도,1
용산동 594-5 부근,1
이곡동 1357 부근 횡단보도정지선,1
송현동 295-95 부근 횡단보도,1
죽전동 200-12 부근 인도,1
본동 720 부근 인도,1
송현동 1977-2 부근 교차로모퉁이,1
송현동 1977-7 부근 버스정류소,1
송현동 798-273 부근 교차로모퉁이,1
두류동 639-5 부근 교차로모퉁이,1
두류동 135-13 부근 교차로모퉁이,1
진천동 595 부근 모퉁이,1
본동 608-12 부근 모퉁이,1
성당동 126-26 부근 인도,1
신당동 1790-9 부근 횡단보도정지선,1
신당동 1721-11 부근,1
상인동 1555 횡단보도 정지선,1
감삼동 38-1 부근 소화전,1
상인동 326-4 부근 인도,1
감삼동 682-5 부근 인도,1
감삼동 465-10 부근 교차로모퉁이,1
감삼동 576-8 부근 교차로모퉁이,1
두류동 1298 부근 황색복선,1
성당동 825-27 부근 인도,1
대동시장네거리 교차로모퉁이,1
감삼동 465-14 부근 황색복선,1
유천동 517-5 부근 횡단보도,1
대천동 563-4 부근 교차로모퉁이,1
대천동 555-2 부근 횡단보도,1
대천동 563 부근 횡단보도,1
대천동 563-2 부근 횡단보도,1
진천동 275-1 부근 교차로 모퉁이,1
상인동 253-19 인도침범,1
성당동 750-1 부근 횡단보도정지선,1
신당동 1718 부근 교차로모퉁이,1
이곡동 1168 부근 교차로 모퉁이,1
송현동 1915-7 부근 인도,1
도원동 1474 부근 횡단보도,1
용산동 463 부근 인도,1
본리동 83-14 부근 인도,1
장기동 411-5 부근 교차로모퉁이,1
월성동 1459-1 부근 인도,1
진천동 95-16 부근 버스정류소,1
두류동 857-23 부근 인도,1
죽전동 366-8 부근  인도,1
이곡동 1191-2 부근 버스정류소,1
상인동 1457-19 횡단보도정지선,1
용산동 910-4 부근 횡단보도,1
죽전동 218-5 부근 교차로모퉁이,1
상인동 1460-38 부근 횡단보도,1
두류동 860-1 부근,1
이곡동 1000-246 부근 인도,1
두류동 1290-2 부근 횡단보도 정지선,1
송현동 1930-22 부근 인도,1
송현동 1951-10 부근 인도,1
월성동 1139-2 부근 교차로모퉁이,1
유천동 323,1
성당동 733-4 부근 교차로모퉁이,1
송현동 109 부근 인도,1
진천동 789-4 부근 인도,1
파호동 82-30 부근 교차로모퉁이,1
대천동 536-4 부근 황색실선,1
본리동 84-3 부근 인도,1
상인동 1586-1 부근 인도,1
감삼동 678-11 부근 횡단보도,1
상인동 1606 횡단보도 정지선,1
신당동 1790-10 부근 교차로모퉁이,1
장기동 26-21 부근 인도,1
상인동 583-128 부근 인도,1
신당동 1660-2 부근 횡단보도정지선,1
감삼동 210-6 부근 인도,1
용산동 866  부근 교차로모퉁이,1
진천동 79-54 부근 소화전,1
본동 893-1 부근 인도,1
본동 958-1 부근 인도,1
죽전동 200-4 부근 인도,1
대곡동 1089 부근,1
상인동 상화로 209 부근,1
죽전동 341 부근 인도,1
죽전동 277-8 부근 인도,1
진천동 578-4 부근 교차로 모퉁이,1
상인동 889-2 부근 인도,1
신당동 407-6 부근 인도,1
이곡동 1326 부근 교차로 모퉁이,1
감삼동 24-5 부근 교차로모퉁이,1
두류동 148-7 부근 소화전,1
상인동 325-2 인도,1
송현동 207-6 부근 버스정류소,1
장기동 762 부근 모퉁이,1
이곡동 1306-4 부근 교차로 모퉁이,1
죽전동 270-29 부근 모퉁이,1
본리동 1208-6 부근 소화전,1
이곡동 1222-6 부근 소화전,1
월성동 1540-2 부근 인도,1
감삼동 와룡로33길 15 부근,1
대천동 441-5 부근 황색실선,1
장기동 464-15 부근 인도,1
상인동 1593 교차로모퉁이,1
용산동 230-10 부근 교차로모퉁이,1
상인동 1332-329 부근 횡단보도,1
송현동 629-1 부근 버스정류소,1
장기동 34-2 부근 인도,1
장기동 539-1 부근 횡단보도,1
본리동 2-1 부근,1
두류동 617-16 부근 인도,1
감삼동 당산로21길 14,1
감삼동 314-30 부근 인도,1
대천동 348-5 부근 인도,1
상인동 1608 횡단보도 정지선,1
이곡동 1305 부근 교차로모퉁이,1
본리동 105-1 부근 인도,1
용산동989-1 부근 횡단보도,1
장기동 814-1 부근 교차로모퉁이,1
진천동 836-15 부근 인도,1
상인동 1560-1 횡단보도,1
두류동 달구벌대로 1874,1
내당동 달구벌대로 1827,1
이곡동 1000-218 부근 교차로모퉁이,1
죽전동 253-4 부근 교차로모퉁이,1
감삼동 305 부근 횡단보도 정지선,1
상인동 890 횡단보도,1
상인동 1533-11 횡단보도,1
진천동 90-13 부근 황색실선,1
상인역모아엘가 황색복선,1
상인역모아엘가 안전지대,1
대곡동 42-7 부근 인도,1
용산동 911 부근 횡단보도 정지선,1
대천동 909 부근 횡단보도,1
상인동 1556-1 부근 인도,1
상인동 171-1 부근 교차로 모퉁이,1
상인동 890 부근 인도 침범,1
성당동 824-57 부근 교차로모퉁이,1
이곡동 1347-16 부근 횡단보도,1
신당동 571 부근 횡단보도,1
상인초등학교 인도,1
이곡동 1327 부근 교차로 모퉁이,1
이곡동 1327 부근 횡단보도,1
이곡동 1244-1 부근 인도,1
본리동 1220 부근  소화전,1
도원동 574-8 부근 횡단보도 정지선,1
월성동 185-3 부근,1
용산동 230 부근,1
대천동 754-2 부근,1
용산동 208-1 부근 인도,1
도원동 1434-2 부근 교차로모퉁이,1
용산동 519-18 부근 인도,1
송현동 월배로 322 부근,1
장기동 762 부근횡단보도 정지선,1
용산동 954-19 부근 인도,1
대천동 555-1 부근 횡단보도 정지선,1
상인동 1441-2 부근 버스정류소,1
상인동 상인로 74-21 부,1
두류동 630-17 부근 인도,1
용산동 960 부근 횡단보도 정지선,1
성당동 392-36 부근 이중주차,1
성당동 641-1 부근 인도,1
신당동 1721-12 부근 인도,1
상인동 319-6 부근 횡단보도,1
용산동 502 부근 어린이보호구역,1
성당동 277-1 부근 횡단보도,1
장기동 762 부근횡단보도,1
본리동 370-1 부근 인도,1
장기동 464-4 부근 인도,1
용산동 573-5 부근 인도,1
용산동 208-5 부근 인도,1
도원동 1431 부근 횡단보도정지선,1
진천동 월배로 75 인도,1
도원동 1462-33 부근 교차로모퉁이,1
도원동 1436 부근 횡단보도,1
용산동 911-1 부근 인도,1
용산동 416-1 부근 횡단보도,1
감삼동 476-6 부근 횡단보도,1
상인동 319-6 부근 인도,1
죽전동 253-10 부근 교차로모퉁이,1
상인동 1608 부근 횡단보도,1
월성동 777-2 부근 횡단보도정지선,1
성당동 482-3 부근 인도,1
성당동 202-23 부근 횡단보도,1
신당동 1721-20 부근 인도,1
장기동 427-32 부근,1
대천동 413 부근 인도,1
본리동 76-1 부근  모퉁이,1
신당동 1744-1 부근 모퉁이,1
이곡동 1202-19 부근 소화전,1
성당동 840 부근 인도,1
신당동 1659 부근 모퉁이,1
성당동 828 부근 모퉁이,1
두류동 482-9 부근,1
신당동 321-2 부근 소화전,1
용산동 946-17 부근 횡단보도,1
용산동 969 부근 인도,1
두류동 1290-1 부근 안전지대,1
두류동 471-1 부근 황색실선,1
상인동 1527-4 횡단보도정지선,1
용산동 573-3 부근 인도,1
이곡동 1337 부근 횡단보도,1
월성동 500-11 부근 횡단보도,1
감삼동 146-3 부근 인도,1
상인동 1510 부근 횡단보도,1
상인동 1421-3 횡다보도,1
월성동 1255 부근 횡단보도,1
장기동 822-14 부근 횡단보도,1
죽전동 273-18 부근 인도,1
대곡동 1140 부근 횡단보도정지선,1
용산동 965 부근 소화전,1
장기동 46-11 부근 황색복선,1
대곡동 상화로 116 부근,1
본리동 352-3 부근 인도,1
본동 614-8 부근 교차로모퉁이,1
진천동 490-38 부근 교차로 모퉁이,1
대곡동 28-2 부근,1
본리동 208-3 부근 횡단보도 정지선,1
도원동 1457-1 부근 교차로모퉁이,1
도원동 1441-1 부근,1
성당동 832-1 부근 횡단보도,1
대곡동 67-21부근 인도,1
이곡동 1303 부근 인도,1
진천동 523-2 부근 인도,1
두류동 487-17 부근 황색실선,1
두류동 487-22 부근 황색복선,1
감삼동 678-13 부근 횡단보도,1
용산동 977 부근 어린이보호구역,1
장기동 555-8 부근 인도,1
용산동 230-5 부근 횡단보도 정지선,1
장기동 44-2 부근 인도,1
신당동 321-90 부근 인도,1
송현동 205-1 부근 횡단보도,1
이곡동 1191-2 부근 횡단보도,1
신당로 55 부근 횡단보도정지선,1
호산동 720-2 부근 인도,1
두류동 126-3 부근 횡단보도정지선,1
대천동 349-3 부근,1
성당동 산 215-1 부근 인도,1
두류동 산 326-18 부근,1
도원동 1463 부근 교차로 모퉁이,1
도원동 1457-2 부근 인도,1
상인동 240-7 부근 인도,1
죽전동 217-11 부근 교차로모�v이,1
본리동 1-3 부근,1
장기동 822-15 부근 교차로모퉁이,1
상인동 77-12 횡단보도정지선,1
이곡동 918-11 부근 인도,1
송현동 1920-10 부근 인도,1
이곡동 1269 부근 인도,1
두류동 495-48 부근 인도,1
신당동 1840-7 부근 인도,1
두류동 485-1 부근 교차로모퉁이,1
신당동 1790 부근 횡단보도,1
대천동 577-25 부근 교차로모퉁이,1
장기동 205 부근 인도,1
용산동 464-5 부근 인도,1
용산동 499-6 부근 인도,1
용산동 407 부근 횡단보도,1
상인동 1527 부근 인도,1
상인동 326-6 부근 인도,1
상인동 1506 부근,1
두류동 1304 부근 횡단보도,1
대곡동 917-104 부근 횡단보도,1
송현동 1044-4 부근 인도,1
월성동 1146-11 부근 인도,1
유천동 599 부근 횡단보도,1
성당동 705-19 부근 인도,1
신당동  달구벌대로 1095,1
상인동 1515 횡단보도,1
두류동 779-34 부근 인도,1
상인동 월곡로20길 15 부,1
월성동 279 부근 모퉁이,1
월암동 1096 부근,1
월성동 281 부근 버스정류소,1
이곡동 655-2 부근 인도,1
월성동 1816 부근 인도,1
대곡동 산 153-12 부근 교차로 모퉁이,1
이곡동 1203 부근 이중주차,1
대곡동 67-21 부근 인도,1
진천동 545-6 부근 소화전,1
상인동 1108-8 안전지대,1
용산동 230-32 부근 인도,1
신당동 1814-14 부근 황색복선,1
진천동 582-1 부근 인도,1
도원동 1468 부근 인도,1
상인동 171-1 부근 횡단보도,1
신당동 1804-1 부근 인도,1
상인동 319-32 인도침범,1
장기동 822-15 부근 횡단보도 정지선,1
본리동 154 부근 횡단보도,1
본동 학산로 130 부근,1
장기동 173-23 부근 횡단보도,1
신당동 1790-1 부근 인도,1
두류동 108-15 부근 인도,1
두류동 108-19 부근 횡단보도,1
본동 611-5 부근 교차로모퉁이,1
월암동 1154 부근 횡단보도,1
죽전동 180-14 부근 황색실선,1
도원동 933-4 부근 인도,1
본동 1150-24 부근 횡단보도정지선,1
본리동 657-1 부근 교차로모퉁이,1
본동 1150-24 부근 횡단보도,1
본리동 433 부근 황색실선,1
송현동 160-3 부근 버스정류소,1
진천동 701-1 부근 소화전,1
상인동 730-4 인도,1
이곡동 1341 부근 횡단보도,1
이곡동 1335 부근 횡딘보도정지선,1
이곡동 1350 부근 교차로모퉁이,1
월성동 1261-11 부근 인도,1
감삼동 305-1 부근 교차로모퉁이,1
상인동 1170 부근 인도,1
이곡동 1353-21 부근 어린이보호구역,1
본동 804-2 부근 횡단보도 정지선,1
대천동 406-1 부근 황색실선,1
본동 송현로 205 부근,1
이곡동 1213-2 부근 소화전,1
호산동 715-21 부근 인도,1
월성동 715 부근 어린이보호구역,1
용산동 954-19 부근 안전지대,1
송현동 1908 부근 횡단보도,1
두류동 1192-60 부근 횡단보도,1
두류동 860-8 부근 인도,1
두류동 866-39 부근 인도,1
본리동 645-6 부근 횡단보도,1
용산동 916 부근 교차로모퉁이,1
신당동 서당로7길  58,1
죽전동 와룡로 245 부근,1
장기동 817-3 부근 횡단보도,1
대곡동 61-1 부근 교차로 모퉁이,1
죽전동 170-11 부근 인도,1
두류동 1210-14 부근 인도,1
두류동 1198-19 부근 인도,1
장기동 119-8 부근,1
상인동 797-1 횡단보도 정지선,1
죽전동 와룡로52안길 24,1
호림동 성서공단로 57 부,1
월암동 조암로20길 8 부,1
호산동 386-14 부근 소화전,1
대곡동 940-1 부근 교차로 모퉁이,1
본동 606-1 부근 교차로모퉁이,1
장기동 556-6 부근 인도,1
월암동 866-3 부근,1
이곡동 1306-3 부근 소화전,1
송현동 2017 부근 교차로모퉁이,1
이곡동 1351-11 부근 교차로모퉁이,1
장기동848 부근 횡단보도정지선,1
송현동 2016 부근 횡단보도,1
도원동 1463-3 부근 인도,1
용산동 854 부근 교차로모퉁이,1
감삼동 576-1 부근 교차로모퉁이,1
용산동 947-16 부근 인도,1
용산동 947-21 부근 인도,1
대천동 577-53 부근 횡단보도 정지선,1
유천동 360-1 부근 교차로 모퉁이,1
상인동 1521 교차로모퉁이,1
장기동 1-21 부근 횡단보도,1
본리동 62-24 부근 교차로모퉁이,1
진천동 809-77 부근 교차로 모퉁이,1
유천동 599 부근 교차로 모퉁이,1
이곡동 1202 부근 소화전,1
성당동 410-1 부근 인도,1
유천동 120-1 부근 인도,1
이곡동 1338-8 부근 횡단보도,1
이곡동 1339 부근 인도,1
성당동 565-2 부근 교차로모퉁이,1
진천동 57-9 부근 인도,1
호산동 986-8,1
월성동 1261 부근 인도,1
대곡동 1078-9 부근 황색복선,1
월성동 1894 부근 교차로모퉁이,1
본동 867-2 부근 인도,1
월성동 120 부근 횡단보도,1
이곡동 1202-9 부근 인도,1
성당동 261-4 부근 버스정류소,1
대곡동 1127 부근 교차로 모퉁이,1
진천동 808-92 부근 소화전,1
용산동 507-2 부근 교차로모퉁이,1
장기동 180-35 부근 인도,1
진천동 235-7 부근 교차로모퉁이,1
본동 831 부근 횡단보도 정지선,1
감삼동 105-1 부근 인도,1
월성동 1815 부근 교차로모퉁이,1
신당동 1846 부근 횡단보도,1
신당동 1748-4 부근 횡단보도정지선,1
상인동 1476-2 부근 횡단보도,1
도원동 산 127-15 교차로모퉁이,1
감삼동 496 부근 버스정류소,1
도원동 1440 부근 횡단보도,1
월성동 1772-2 부근 인도,1
성당동 489 부근 인도,1
대천동 473-1 부근 교차로모퉁이,1
대곡동 1149 부근 황색복선,1
상인로 68-4 버스정류소,1
감삼동 566-5 부근 교차로모퉁이,1
진천동 106-12 부근 교차로모퉁이,1
상인동 1552-1 인도,1
진천동 106-8 부근 횡단보도,1
대곡동 1030 부근 인도,1
용산동 950-5 부근 교차로모퉁이,1
용산동 416-5 부근 버스정류소,1
이곡동 달구벌대로243길,1
상인동 1571-5 인도,1
성당동 490-3 부근 횡단보도정지선,1
본리동 430-6 부근 교차로모퉁이,1
장기동 산 42-2 부근 횡단보도,1
대천동 성서4차첨단로 7,1
죽전동 379-11 부근 버스정류소,1
이곡동 1246-4 부근 인도,1
두류동 70-18 부근 인도,1
성당동 산 214-17 부근 횡단보도,1
이곡동 1218 부근 교차로모퉁이,1
진천동 78-1 부근 교차로 모퉁이,1
진천동 578-2 부근 인도,1
호림동 10 부근 횡단보도,1
신당동 1761-10 부근 교차로모퉁이,1
신당동 1761-1 부근 버스정류소,1
신당동 1749-6 부근 교차로모퉁이,1
신당동 1695-14 부근 횡단보도,1
이곡동 1304-1 부근 소화전,1
송현동 1044-3 부근 횡단보도,1
대곡동 1079 부근 횡단보도,1
대곡동 1084 부근 횡단보도,1
대곡동 1141 부근 횡단보도 정지선,1
상인동 월곡로 340 부근,1
송현동 1948-9 부근 인도,1
두류동 597-3 부근 횡단보도,1
송현동 207-2 부근 버스정류소,1
대곡동 31-2 부근 인도,1
용산동 972 부근 횡단보도 정지선,1
상인동 1571-1 부근 인도,1
진천동 810-4 부근 횡단보도,1
상인동 1578-4 부근,1
유천동 월배로5길 39,1
본리동 415-4 부근 교차로모퉁이,1
본동 와룡로5길 46 부근,1
월성동 276 부근 버스정류장,1
상인동 1512 횡단보도,1
상인동 1397-4 인도,1
월성동 500-11 부근 인도,1
월성동 1835 부근 횡단보도 정지선,1
송현동 283-9 부근 인도,1
대곡동 1038-5 부근 횡단보도,1
본리동 195-3 부근 횡단보도,1
감삼동 571-4 부근 인도,1
송현동 송현로 147 부근,1
신당동 1698 부근 교차로모퉁이,1
월성동 733-8 부근 어린이보호구역,1
송현동 141-3 부근 인도,1
이곡동 1205-2 부근 횡단보도정지선,1
성당동 481-2 부근  횡단보도,1
성당동 830-25 부근 인도,1
호산동 717 부근 소화전,1
본동 616 부근 인도,1
상인동 249-2 부근 인도,1
상인동 1528-3 횡단보도정지선,1
월성동 1892 부근 교차로모퉁이,1
상인동 1594-2 횡단보도정지선,1
용산동 910-4 부근,1
본동 225-1 부근 인도,1
용산동 930 부근 소화전,1
송현동 1968-5 부근 버스정류장,1
진천동 595-24 부근 인도,1
유천동 603 부근 황색복선,1
송현동 207-16 부근 횡단보도,1
송현동 207-16 부근 교차로모퉁이,1
대천동 486-1 부근 황색실선,1
용산동 961 부근 소화전,1
진천동 788-1 부근 인도,1
본동 618 부근,1
상인동 42 인도,1
도원동 1439-2 부근 횡단보도,1
진천동 555-2 부근 횡단보도,1
상인동 1109-10 횡단보도정지선,1
상인동 1600 횡단보도정지선,1
월성동 1893 부근 황색복선,1
장기동 548-14 부근 인도,1
상인동 1349 횡단보도,1
감삼동 911 부근 소화전,1
상인동 1-48 부근 인도,1
상인동 1593-2 부근,1
대곡동 917-41 부근 횡단보도,1
상인동 307-13 교차로모퉁이,1
이곡동 1029-4 부근 횡단보도,1
진천동 95-17 부근 소화전,1
송현동 189-8 부근 인도,1
송현동 143-1 부근 버스정류장,1
진천동 490-39 부근 인도,1
대곡동 48-5 부근 교차로 모퉁이,1
월성동 1839 부근 교차로모퉁이,1
장기동 818-10 부근,1
본리동 1217-1 부근 교차로모퉁이,1
이곡동 1334 부근 횡단보도정지선,1
진천동 586-8 부근 인도,1
장기동 566-8 부근 인도,1
대천동 550-1 부근 횡단보도,1
두류동 495-50 부근 인도,1
죽전동 279-1 부근 소화전,1
대천동 459-2 부근,1
상인동 1474 부근 인도,1
죽전동 405 부근 소화전,1
감삼동 598-16 부근 횡단보도 정지선,1
본동 724-1 부근 교차로모퉁이,1
장기동 566-4 부근 횡단보도,1
상인동 1557-1 부근 인도,1
본리동 62-6 부근 인도,1
이곡동 1351 부근 인도,1
성당동 202-21 부근 버스정류소,1
성당동 550-3 부근 인도,1
월성동 1301-2 부근 횡단보도,1
월성동 1772-13 부근 인도,1
상인동 1591-3 교차로모퉁이,1
죽전동 365 부근 인도,1
죽전동 산 66-1 부근 횡단보도,1
죽전동 364-2 부근 인도,1
용산동 855-37 부근 인도,1
용산동 855-35 부근 인도,1
성당동 155-1 부근 횡단보도정지선,1
본동 747 부근 횡단보도,1
죽전동 219-1 부근 횡단보도,1
용산동 233-8 부근 교차로모퉁이,1
진천동 728-3 부근 인도,1
상인동 910-2 횡단보도,1
송현동 798-6 부근 버스정류소,1
송현동 송현로16길 43 부,1
본동 901-1 부근 횡단보도 정지선,1
감삼동 206-40 부근 인도,1
상인동 1589 교차로모퉁이,1
상인동 1545-14 버스정류소,1
진천동 288-9 부근 인도,1
상인동 152-10 교차로모퉁이,1
감삼동 663 부근 인도,1
송현동 798-9 부근 인도,1
성당동 804-3 부근 버스정류장,1
이곡동 1194 부근 횡단보도정지선,1
이곡동 1214 부근,1
용산동 414-1 부근 교차로모퉁이,1
송현동 798-246 부근 인도,1
신당동 1815 부근 인도,1
죽전동 257-10 부근 인도,1
두류동 1281-47 부근 횡단보도,1
성당동 831 부근,1
도원동 1432-5 부근 인도,1
유천동 615 부근 인도,1
감삼동 146-29 부근 인도,1
용산동 954-19 부근 황색복선,1
장기동 599-6 부근,1
월성동 609-6 부근 황색복선,1
유천동 605 부근 인도,1
유천동 42 부근 교차로 모퉁이,1
용산동 933-7 부근 이중주차,1
용산동 465-6 부근 인도,1
두류동 1198-26 부근 인도,1
본동 737 부근 교차로모퉁이,1
두류동 807-57 부근 인도,1
본리동 1208-6 부근 모퉁이,1
신당동 1659 부근 교차로모퉁이,1
두류동 617-4 부근 교차로모퉁이,1
송현동 295-96 부근 인도,1
감삼동 336-6 부근 어린이보호구역,1
성당동 211-3 부근 인도,1
대곡동 산 144-13 부근 횡단보도,1
진천동 520-2 부근 인도,1
진천동 517-2 부근 인도,1
진천동 218 부근 소화전,1
이곡동 1352 부근 교차로모퉁이,1
용산동 518 부근 횡단보도,1
상인동 1557-1  부근,1
상인동 190-6 부근 인도,1
성당동 838 부근 인도,1
상인동 871-1 인도침범,1
진천동 482-45 부근 횡단보도,1
상인동 1527 횡단보도정지선,1
용산동 826-26 부근,1
감삼동 442-6 부근,1
유천동 542-47 부근 횡단보도,1
진천동 195-28 부근 횡단보도,1
유천동 126-14 부근 인도,1
용산동 960 부근 교차로모퉁이,1
진천동 57-20 부근 횡단보도,1
유천동 404-2 부근 교차로 모퉁이,1
진천동 829-8 부근 모퉁이,1
진천동 808-55 부근 횡단보도,1
도원동 1462-9 부근  모퉁이,1
유천동 615 부근 횡단보도,1
이곡동 1220-13 부근 인도,1
신당동 680-4 부근 인도,1
이곡동 1220-16 부근 횡단보도,1
장기동 26-22 부근 교차로모퉁이,1
진천동 95-17 부근 교차로모퉁이,1
두류동 477-1 부근 교차로모퉁이,1
본동 956-3 부근 횡단보도,1
진천동 78-1 부근 인도,1
본동 1031 부근 인도,1
대천동 473-3 부근 횡단보도,1
감삼동 549-2 부근,1
성당동 498-8 부근 교차로모퉁이,1
진천동 605-2 부근 인도,1
대천동 909-6 부근 횡단보도 정지선,1
성당동 714-3,1
송현동 1945-10 부근 인도,1
월성동 산 27 부근,1
상인동 52-2 인도,1
상인동 150-21 인도,1
대곡동 1025 부근 횡단보도,1
파호동 447-27 부근 인도,1
월암동 1157 부근 인도,1
본리동 508-11 부근 인도,1
장기동 817-1 부근 횡단보도,1
본리동 1206-10 부근 횡단보도,1
성당동 392-35 부근 횡단보도,1
월성동 1891 부근 황색복선,1
호산동 371 부근 소화전,1
용산동 462-3 부근 교차로모퉁이,1
본리동 210-1 부근,1
도원동 1441-2 부근 교차로모퉁이,1
용산동 855-23 부근 횡단보도,1
이곡동 1000-212 부근 횡단보도,1
용산동 421-2 부근 교차로모퉁이,1
대곡동 1116-1 부근 황색복선,1
도원동 1396-42 부근,1
본리동 대명천로 102 부,1
용산동 499-1 부근,1
두류동 1245-44 부근 횡단보도,1
송현동 207-1 부근 횡단보도,1
용산동 416-1 부근 교차로모퉁이,1
신당동 1660-2 부근 교차로모퉁이,1
성당동 488-1 부근 횡단보도,1
상인동 889 부근 인도,1
본리동 1150-39 부근 버스정류소,1
진천동 47-3 부근 인도,1
진천동 239-23 부근 소화전,1
상인동 1600 황색복선,1
감삼동 535-2 부근 횡단보도,1
용산동 421-17 부근 소화전,1
이곡동 663-7 부근 소화전,1
감삼동 455-15 부근,1
진천동 576-12 부근 인도,1
진천동 603 교차로 모퉁이,1
월성동 1835 부근,1
감삼동 657-12 부근 횡단보도,1
상인동 1521-1 부근 인도,1
장기동 522-4 부근 횡단보도,1
본리동 76-2 부근 이중주차,1
진천동 774-3 부근 황색실선,1
상인동 620 횡단보도,1
성당동 565-2 부근 인도,1
성당동 726-1 부근 교차로모퉁이,1
진천동 505-2 부근 횡단보도,1
진천동 490-13 부근 교차로 모퉁이,1
감삼동 563-11 부근 교차로모퉁이,1
용산동 930-14 부근 소화전,1
이곡동 1270 부근 인도,1
진천동 657-4 부근 인도,1
송현동 2041 부근 버스정류장,1
월암동 851 부근 횡단보도,1
감삼동 576-5 부근 소화전,1
파호동 82-30 부근 횡단보도,1
감삼동 456-2 부근 횡단보도,1
감삼동 436-6 부근 횡단보도 정지선,1
대천동 349-31 부근 인도,1
본리동 1208-1 부근 교차로모퉁이,1
호산동 714-2 부근 인도,1
상인동 1580-1 횡단보도,1
진천동 809-55 부근 횡단보도,1
성당동 208-2 부근 인도,1
호산동 391-1 부근 횡단보도,1
감삼동 360-5 부근 횡단보도 정지선,1
성당동 198-63 부근 인도,1
상인동 257-7 교차로모퉁이,1
월서초등학교 횡단보도,1
상인동 1518 횡단보도정지선,1
대천동 511-4 부근,1
진천동 526-10 부근 교차로 모퉁이,1
대곡동 1163 부근 인도,1
상인동 1600 부근 인도,1
송현동 226-5 부근 교차로모퉁이,1
호림동 30 부근 횡단보도,1
상인동 1554 교차로모퉁이,1
이곡동 1029-1 부근 인도,1
상인동 1349 인도,1
상인동 879-1 인도,1
본리동1-14 부근 횡단보도,1
송현동 142-5 부근 인도,1
진천동 104-3 부근 횡단보도,1
감삼동 678-14 부근 횡단보도,1
성당동 654-20 부근 인도,1
송현동 2007-27 부근 인도,1
이곡동 1202-6 부근 인도,1
두류동 470-16 부근 인도,1
월성동 1139-4 부근 횡단보도,1
용산동 367-1 부근 인도,1
죽전동 74-20 부근 횡단보도 정지선,1
죽전동 371-21 부근 인도,1
성당동 663-7 부근 인도,1
두류동 1109-2 부근 횡단보도,1
죽전동 341 부근 횡단보도,1
진천동 518 부근 교차로 모퉁이,1
진천동 555-3 부근 소화전,1
송현동 581 부근 횡단보도,1
신당동 1812 부근 횡단보도,1
유천동 517-18 부근,1
대곡동 11413 부근 횡단보도,1
월성동 755 부근 횡단보도,1
진천동 273-1 부근 횡단보도,1
월성동 1894 부근 횡단보도,1
상인동 1106-1 부근 인도,1
죽전동 204-7 부근 인도,1
본리동 374-4 부근 인도,1
월성동 277 부근 소화전,1
도원동 1463-1 부근 버스정류소,1
성당동 670-31 부근 교차로모퉁이,1
호림동 14-2 부근 인도,1
본동 706 부근 횡단보도,1
호림동 12 부근 교차로 모퉁이,1
본리동 1150 부근  기타,1
성당동 804-3 부근 인도,1
진천동 595-42 부근 인도,1
송현동 205-1 부근 인도,1
두류동 807-66 부근 횡단보도,1
두류동 산 326-18 부근 교차로모퉁이,1
호림동 27 부근 횡단보도,1
송현동 187-11 부근 인도,1
성당동 547-4 부근 인도,1
죽전동 381 부근 횡단보도,1
죽전동 253-4 부근 인도,1
장기동 548-9 부근 인도,1
용산동 442-9 부근 횡단보도,1
신당동 413-10 부근 인도,1
진천동 248-6 부근 교차로 모퉁이,1
장기동 161-2 부근 인도,1
상인동 1521-1 교차로모퉁이,1
송현동 1914-14 부근 인도,1
용산동 592-1 부근 교차로모퉁이,1
진천동 86 부근 황색실선,1
장기동 820-10 부근 인도,1
진천동 117-3 부근 인도,1
대곡동 1056-2 부근 인도,1
진천동 843 부근 소화전,1
상인동 1522 인도침범,1
성당동 467-2 부근 교차로모퉁이,1
대천동 934 부근 인도,1
송현동 1919-6 부근 인도,1
파호동 447-18 부근 교차로 모퉁이,1
본리동 1151 부근  기타,1
상인동 1397-5 인도 침범,1
송현동 1948-23 부근 횐단보도,1
진천동 640-1 부근 교차로모퉁이,1
신당동 1659 부근 횡단보도,1
성당동 836 부근 교차로모퉁이,1
성당동 832 부근 횡단보도,1
대곡동 1043 부근,1
본리동 1150-17 부근 횡단보도,1
도원동 1457-2 부근 횡단보도,1
용산동 이곡공원로 83 부,1
죽전동 279-4 부근 인도,1
죽전동 218-11 부근 횡단보도,1
진천동 603-4 부근 횡단보도,1
본리동 420 부근 교차로모퉁이,1
성당동 202-3 부근 버스정류소,1
장기동 809 부근 소화전,1
장기동 811-3 부근 횡단보도 정지선,1
신당동 1816 부근 교차로모퉁이,1
죽전동 373-11 부근 인도,1
상인동 1439-2 부근 인도,1
장기동 548-15 부근 횡단보도,1
대천동 511-1 부근 버스정류소,1
장기동 811-2 부근 횡단보도,1
상인동 257-14 인도침범,1
상인동 1502-1 횡단보도,1
진천동 504-11 부근 인도,1
진천동 843 부근 교차로 모퉁이,1
장기동 845 부근 교차로모퉁이,1
상인동 102-15 부근 인도,1
상인동 1428 교차로모퉁이,1
이곡동 1246-4 부근 교차로 모퉁이,1
용산동 230-10 부근 횡단보도,1
월암동 369 부근 횡단보도,1
두류동 1338 부근  어린이보호구역,1
본리동 1213 부근 인도,1
본리동 1205 부근 횡단보도,1
본리동 1206-1 부근 인도,1
월성동 조암로 47 부근,1
상인동 1578-1 교차로모퉁이,1
신당동 311-24 부근 인도,1
죽전동 366-17 부근 인도,1
용산동 951-6 부근 교차로모퉁이,1
감삼동 599-1 부근 횡단보도,1
성당동 53-31 부근 인도,1
달서구 1294 부근 횡단보도,1
대곡동 1034 부근 인도,1
대곡동 946 부근 교차로 모퉁이,1
본리동 88-5 부근 인도,1
대천동 909-6 부근 교차로모퉁이,1
월성동 1836 부근 인도,1
송현동 1961 부근 교차로모퉁이,1
죽전동 219-16 부근 교차로모퉁이,1
성당동 705-11 부근 인도,1
감삼동 474 부근 소화전,1
성당동 309 부근 모퉁이,1
월성동 1498-1 부근 인도,1
대곡동 1117 부근 황색복선,1
대천동 444 부근 인도,1
상인동 134 인도,1
성당동 398-4 부근 횡단보도정지선,1
본동 1137 부근 인도,1
유천동 542-47 부근 인도,1
성당동 당산동1길 67,1
호산동 369-8 부근 소화전,1
송현동 78-3 부근 횡단보도,1
이곡동 1000-221 부근 교차로모퉁이,1
유천동 120-7 횡단보도,1
진천동 238-10 부근 소화전,1
용산동 415부근 소화전,1
신당동 1697 부근 소화전,1
월성동 1374-2 부근 소화전,1
두류동 1339 부근 황색실선,1
상인동 70-1 부근 인도,1
두류동 620-5 부근 버스정류장,1
송현동 530-35 부근 횡단보도,1
신당동 1402-1 부근 소화전,1
상인동 1396-2 부근 인도,1
이곡동 1253 부근 인도,1
진천동 247-12 부근 인도,1
성당동 273-6 부근 횡단보도,1
월성동 274 부근 교차로모퉁이,1
용산동 산 132-1 부근 인도,1
죽전동 273-4 부근 교차로모퉁이,1
상인동 1547-4 부근 인도,1
호산동 397 부근 교차로 모퉁이,1
장기동 산 38-3 부근 황색복선,1
이곡동 1188 부근 교차로모퉁이,1
본리동 1198-7 부근,1
상인동 1529-6 횡단보도,1
대곡동 947 부근 교차로 모퉁이,1
호산동 721 부근 황색복선,1
감삼동 496 부근  소화전,1
진천동 247-7 부근 소화전,1
송현동 59-2 부근 인도,1
송현동 2018 부근 교차로모퉁이,1
대곡동 1082-1 부근 교차로모퉁이,1
이곡동 1202-10 부근 교차로 모퉁이,1
본리동 2-2 부근 교차로모퉁이,1
상인동 1437-5 횡단보도,1
상인동 1162 횡단보도,1
성당동 151-2 부근 인도,1
본리동  75-1 부근 교차로모퉁이,1
송현동 1033-2 부근 버스정류소,1
송현동 1041-4 부근 횡단보도,1
죽전동 379-16 부근 교차로모퉁이,1
월성동 1285 부근 인도,1
월성동 588-5 부근 교차로모퉁이,1
죽전동 383 부근 인도,1
장기동 566-2 부근 인도,1
이곡동 12210 부근 횡단보도정지선,1
상인동 1525-1 버스정류소,1
두류동1290-1 부근,1
상인동 134 부근 인도,1
두류동 2347 부근 교차로모퉁이,1
장기동 15 부근 인도,1
용산동 367-6 부근 인도,1
진천동 96 부근 소화전,1
진천동 230-7 부근 인도,1
상인동 192-1 부근 인도,1
상인동 1526 횡단보도정지선,1
상인동 196-18 인도침범,1
죽전동 381 부근 소화전,1
송현동 1991-8 부근 교차로모퉁이,1
용산동 500 부근 교차로모퉁이,1
송현동 2026 부근 교차로모퉁이,1
성당동 713-2 부근 횡단보도,1
본리동 1198-14 부근 버스정류장,1
장기동 846 부근 횡단보도,1
장기동 31-6 부근 인도,1
용산동 582 부근 교차로모퉁이,1
성당동 54-1 부근 인도,1
용산동 947-12 부근 인도,1
본리동 1222 부근 소화전,1
죽전동 373-16 부근 횡단보도,1
성당동 802 부근 횡단보도,1
월성동 1269-6 부근 인도,1
상인동 1431 횡단보도,1
죽전동380부근,1
본리동 110-1 부근 인도,1
용산동 396 부근 인도,1
진천동 654-2 부근 교차로 모퉁이,1
이곡동 1221 부근 인도침범,1
상인동 901-5 횡단보도,1
두류동 706-24 부근 인도,1
본리동 1198-3 부근 인도,1
진천동 545-2 부근 소화전,1
본동 799-2 횡단보도,1
용산동 230-5부근 횡단보도 정지선,1
진천동 561-5 부근 소화전,1
용산동 947-13 부근 인도,1
용산동 947-19 부근 인도,1
산동 230-20 부근 인도,1
본리동 166-11 부근 횡단보도,1
죽전동 365 부근 교차로모퉁이,1
진천동 556-2 부근 인도,1
상인동 583-84 교차로모퉁이,1
본리동 554-1 부근 교차로모퉁이,1
상인동 1572-12 인도침범,1
장기동 849 부근 횡단보도,1
신당동 1789 부근 교차로모퉁이,1
대곡동 635 부근 인도,1
대천동 520-5부근 인도,1
진천동 272-2 부근 인도,1
감삼동 600-15 부근 횡단보도,1
상인동 1593-2 황색실선,1
본리동 62-8 부근 인도,1
상인동 송현로7길 20,1
죽전동 404-9 부근 소화전,1
진천동 526-10 부근 횡단보도 정지선,1
성당동 198-38 부근 교차로모퉁이,1
장기동 543-5 부근 횡단보도,1
성당동 550-4 부근 횡단보도,1
대곡동 1017-7 부근 횡단보도,1
죽전동 211-2 부근,1
죽전동 382-2 부근 횡단보도 정지선,1
감삼동 572-7 부근 안전지대,1
이곡동 1248-13 부근 횡단보도,1
죽전동 367-5 부근 인도,1
죽전동 367-6 부근 인도,1
장기동 820-12 부근 횡단보도,1
상인동 1162 부근 인도,1
진천동 576  부근 인도,1
송현동 산 106-18 부근 횡단보도,1
상인동 1536-11 교차로모퉁이,1
도원동 574-9 부근 횡단보도,1
본리동 66-35 부근 인도,1
이곡동 1205-1 부근 횡단보도,1
송현동 1991-1 부근 교차로모퉁이,1
죽전동 367-5 부근 횡단보도 정지선,1
성당동 804-3 부근,1
호림동모다아울렛뒤편,1
용산동 946-9 부근 인도,1
성당동 338-1 부근 횡단보도,1
성당동 726-1 부근,1
대곡동 1076 부근,1
본리동 657-3 부근,1
신당동 1788-11 부근,1
이곡동 1258-5 부근,1
본동 학산로19길 68 부근,1
감삼동 144-6 부근 인도,1
본리동 377-1 부근,1
진천동 490-38 부근,1
본리동 373-1 부근,1
성당동 262-2 부근,1
상인동 1551-2 버스정류장,1
도원동 1462-7 부근 인도,1
죽전동 368 382 부근 횡단보도,1
진천동 290-16 부근 교차로모퉁이,1
송현동 199-3 부근 횡단보도,1
상인동 307-13 횡단보도,1
도원동 1401-6 부근,1
월성동 1446 부근 인도,1
월성동 1446 부근 횡단보도,1
두류동 479-3 부근 교차로모퉁이,1
유천동 597 부근  교차로모퉁이,1
상인동 200-3 인도 침범,1
죽전동 275-1 부근 버스정류장,1
감삼동 682-21 부근 교차로모퉁이,1
도원동 1462-9 부근 차로모퉁이,1
용산동 958-8 부근 횡단보도,1
용산동 947-14 부근 인도,1
성당동 263-3 부근 횡단보도,1
성당동 263-3 부근 인도,1
대천동 1042 부근,1
이곡동 1307 부근 횡단보도정지선,1
송현동 1038-1 부근 횡단보도,1
진천동 732 부근,1
장기동 173-18 부근 횡단보도 정지선,1
진천동 79-6 부근 소화전,1
두류동 776-1 부근 인도,1
장기동 811-1 부근 횡단보도,1
송현동 1930-4 부근,1
장기동 550-8부근,1
대천동 488-5 부근,1
송현동 1927-17 부근,1
두류동 1338,1
용산동 414-4 부근 황색복선,1
진천동 293-6 부근 황색실선,1
진천동 291-6 부근 황색실선,1
대곡동 838 부근,1
죽전동 69-5부근,1
두류동 706-27 부근,1
진천동 657-1 부근,1
상인동 1516-1 부근,1
월성동 1143-6,1
(SPP-2410-0306977)횡단보도 불법 주정차,1
감삼동 337-14 부근 인도,1
감삼동 599-51 부근 인도,1
상인동 150-11 인도 침범,1
상인동 1550-8 교차로모퉁이,1
두류동 120-12 부근,1
용산동 414-4부근,1
이곡동 1337 부근,1
두류동 706-24 부근,1
성당동 670-29 부근,1
월성동 807-1 부근 대각주차,1
진천동 582-4 부근 횡단보도,1
장기동 160-2 부근 인도,1
본리동 88-4 부근 버스정류장,1
도원동 1451 부근 횡단보도 정지선,1
이곡동 1230 부근 횡단보도,1
이곡동 1220-1 부근 횡단보도,1
두류동 101-15 부근 인도,1
도원동 573-1 부근 횡단보도,1
진천동 289-7 부근 황색실선,1
진천동 290-15 부근 인도,1
유천동 368-2,1
월성동 1300 부근 인도,1
성당동 563-3 부근,1
진천동 815-9 횡단보도,1
두류동 135-14 부근,1
상인동 1606 부근,1
유천동 537-13 부근 인도,1
도원동 1432-9 부근,1
이곡동 1201 부근 횡단보도 정지선,1
감삼동 100-18 부근,1
본동 967-1 부근,1
감삼동 65-2 부근,1
용산동 947-17부근,1
장기동 1-2부근,1
상인동 1597 횡단보도,1
신당동 1718-3 부근 횡단보도,1
용산동 421-2 부근 횡단보도,1
상인동 253-1 인도,1
대곡동 917-41 부근,1
신당동 519 부근 소화전,1
진천동 730-10 부근 인도,1
상인동 1600 인도,1
두류동 561-1,1
진천동 829-8 부근 도로모퉁이,1
신당동 1659 부근 소화전,1
용산동 943-1 부근 교차로모퉁이,1
도원동 산 229-4 부근 횡단보도 정지선,1
성당동 831 부근 인도,1
두류동 146-7 부근 인도,1
용산동 499-1 부근 인도,1
성당동 635-1 부근 인도,1
이곡동 1215 부근,1
도원동 763-3 부근 횡,1
송현동 2051 부근,1
감삼동 663 부근,1
감삼동 452-1 부근,1
두류동 159-72 부근,1
진천동 530-8 부근 모퉁이,1
장기동 173-22 부근 횡단보도 정지선,1
성당동 392-35 부근 인도,1
상인동 1526-1 부근,1
감삼동 358 부근 모퉁이,1
상인동 1530 부근,1
상인동 1517-1 부근,1
송현동 158-4 부근,1
송현동 57-2 부근 인도침범,1
이곡동 1272 부근,1
영남고등학교 횡단보도,1
용산동 410-9 부근 인도,1
대곡동 77 부근 인도,1
도원동 1442 부근 횡단보도,1
유천동 326 부근 인도,1
대곡동 1071-2 부근 인도,1
장기동 159-1 부근 인도,1
이곡동 1347-1 부근 횡단보도,1
상인동 1579-1 부근,1
용산동 998부근,1
이곡동 1197 부근,1
두류동 산 326-20 부근 교차로모퉁이,1
상인동 1170 부근,1
죽전동 279-16부근,1
용산동 935 부근 교차로모퉁이,1
월성동 1812 부근 횡단보도,1
대곡동 1101-1부근 횡단보도,1
도원동 934-5 부근 인도,1
도원동 668-8 부근,1
이곡동 1220-15 부근 횡단보도 정지선,1
도원동 1462-5  부근 횡단보도,1
유천동 644 부근 횡단보도,1
두류동 617-4 부근 황색실선,1
도원동 1475 부근,1
본동 594-1 부근 교차로모퉁이,1
상인동 1351-2 부근,1
월성동 1882 부근 도로모퉁이,1
용산동 937 부근 이중주차,1
도원동 1468부근 교차로모퉁이,1
상인동 325-24 인도,1
상인동 월배로 219,1
도원동 1396-37 부근 교차로 모퉁이,1
호림동 29 부근,1
진천동 235-9 부근,1
상인동 1509 도로모퉁이,1
상인동 1529-5 교차라모퉁이,1
장기동 821-1 부근 횡단보도,1
도원동 1462-3 부근 횡단보도정지선,1
성당동 489-22 부근 횡단보도,1
용산동 954-15 부근 교차로모퉁이,1
죽전동 257-11 부근 인도,1
진천동 585-1 부근 인도,1
신당동 1745-5 부근,1
용산동 946-17부근,1
장기동849부근 횡단보도정지선,1
두류동 670 부근 버스정류소,1
이곡동 1257 부근,1
본동 산 37-5 부근 횡단보도,1
감삼동 64-17 부근 인도,1
성당동 277-13 부근 횡단보도정지선,1
송현동 1915-24 부근 교차로모퉁이,1
상인동 1517-1 횡단보도 정지선,1
도원동 1434-2 부근 횡단보도,1
월성동 1533-1 부근 인도,1
송현동 1949-36 횡단보도,1
용산동 526 부근 버스정류소,1
성당동 491-11 부근 횡단보도,1
도원동 573 부근 횡단보도,1
상인동 237-7 인도,1
송현119안전센터 인도,1
유천동 360-1 부근 황색복선,1
용산동 991부근,1
두류동 산 326-16 횡단보도,1
두류동 산 326-28 교차로모퉁이,1
용산동 997부근,1
성당동 223-3 부근 횡단보도,1
유천동 월배로 51,1
유천동 374-2 부근 인도,1
이곡동 656-3 부근 인도,1
본동 903-1 부근 교차로모퉁이,1
감삼동 461 버스정류소,1
감삼동 109-11 부근 인도,1
신당동 산 39-19 부근 안전지대,1
이곡동 1333 부근 횡단보도,1
용산동 414-4 부근 인도,1
성당동 663-7 부근 교차로모퉁이,1
장기동 810-3부근 횡단보도정지선,1
용산동 593부근,1
장기동 548-15부근 횡단보도정지선,1
장기동 550-5부근,1
이곡동 1354 부근,1
진천동 79-11 부근 횡단보도,1
호산동 712-19 부근 횡단보도,1
상인동 892 횡단보도,1
본리동 1208-6 부근 버스정류장,1
본리동 76-1 부근 인도,1
두류동 2348 인도,1
이곡동 1306-1 부근,1
진천동 228-6 부근,1
이곡동 1000-212 부근,1
이곡동1221 부근,1
대천동 563-2동 부근 인도,1
상인동 1533 부근,1
이곡동 1248 부근,1
두류동 100-10 인도,1
송현동 1944 부근,1
신당동 1846 부근 교차로모퉁이,1
이곡동 909-4 부근,1
상인동 1468-8 버스정류소,1
상인동 1520 부근,1
호림동 22-1 부근,1
본동 1003-1 부근 교차로모퉁이,1
죽전동 204-1 부근  모퉁이,1
상인동 1464-6 횡단보도 정지선,1
감삼동 476-1 부근 횡단보도,1
진천동 517-3 부근,1
본리동 145-1 부근 인도,1
성당동 829-22 부근 인도,1
용산동 446-1 부근 횡단보도,1
두류동 807-65 부근 인도,1
파호동 5 부근 횡단보도,1
송현동 1991-11 부근 교차로모퉁이,1
용산동 561-7 부근 횡단보도,1
본리동 166-1 부근,1
대천동 523-5 부근 인도,1
죽전동 270-20부근,1
본리동 76-2 부근 확색복선,1
두류동 1294 횡단보도,1
감삼동 564-5 부근 교차로모퉁이,1
성당동 750-1 부근 교차로모퉁이,1
진천동 656-4 부근,1
죽전동 172-26부근,1
유천동 396-6 부근,1
용산동 419-1부근,1
송현동 2012-4,1
송현동 1991-9,1
성당동 117-10 부근 인도,1
호림동 22  부근,1
상인동 1477-3 부근,1
용산동 855-3부근,1
용산동 215-28부근,1
용산동 978 부근 이중주차,1
파호동 5-1 부근 횡단보도,1
진천동 604-17 부근 교차로모퉁이,1
상인동 1572,1
상인동 1545-13 부근,1
상인동 1572-14 부근 인도,1
두류동 473-1 부근 인도,1
진천동 808-162 부근 인도,1
호산동 711-7 부근 인도,1
장기동 362-35 부근 인도,1
진천동 595 부근 횡단보도 정지선,1
용산동 856부근,1
본리동 664-2 황색실선,1
이곡동 1348 부근,1
상인동 1548-5 횡단보도,1
호림동 32 부근,1
월성동 1825 부근,1
본동 730-1 부근 인도,1
용산동 936 부근 황색실선,1
성당동 262-2 부근 교차로모퉁이,1
장기동 5부근,1
장기동 15부근,1
송현동 1914-15 부근,1
상인동 725-3 부근,1
월성동 1287-1 인도 침범,1
성당동 성당로 145-6 부,1
장기동 811-4 부근 인도,1
대곡동 1037-4 부근 소화전,1
성당동 705-8 부근,1
상인동 1332-329,1
진천동 529-8 부근 인도,1
진천동 557-1 부근 인도,1
대곡동 1012 부근 인도,1
대곡동 1041 부근 인도,1
145구9512,1
월성동 1141-10 부근 횡단보도 정지선,1
용산동 456 부근 교차로모퉁이,1
본동 862-1 부근 교차로모퉁이,1
도원동 1406 부근 인도,1
월성동 1847 부근 인도,1
성당동 670-20 부근,1
이곡동 542-12 부근 인도,1
송현동 1930-24 부근 인도,1
용산동 851 부근 인도,1
장기동 157 부근 인도,1
성당동 410-2 부근 소화전,1
진천동 685-5 부근 횡단보도,1
호림동 8-7 부근 횡단보도,1
대곡동 876-3 부근 교차로 모퉁이,1
용산동 854부근,1
본리동 127-5 부근 인도,1
상인동 1529-5,1
용산동 612-1,1
대천동 755-24 부근,1
죽전동 277-5,1
성당동 824-54 부근 교차로모퉁이,1
본리동 145-3 부근 횡단보도,1
상인동 438-4 부근 횡단보도,1
상인동 1517-1 부근 교차로모퉁이,1
상인동 1551-2 부근 교차라모퉁이,1
상인동 150-21 부근 교차로모퉁이,1
월성동 1224 부근,1
호산동 720-4 부근 교차로 모퉁이,1
도원동 1463-1 부근 교차로 모퉁이,1
신당동 1840 부근 횡단보도,1
이곡동 1213-2 부근 횡단보도,1
도원동 1462-5 부근 횡단보도 정지선,1
상인동 1536-11,1
대곡동 1103 부근 횡단보도 정지선,1
성당동 211-7 부근 인도,1
감삼동 198-4 부근 소화전,1
장기동 26-22부근,1
상인동 1332-17 안전지대,1
상인동 1551-2 교차라모퉁이,1
용산동 230,1
진천동 595-1 부근,1
진천동 581-3 인도침범,1
진천동 595-1 인도,1
유천동 614 부근 황색복선,1
버스정류소,1
장기동 810-2,1
대곡동 1142 부근 교차로 모퉁이,1
대곡동 1058-4 부근 교차로 모퉁이,1
월성동 1341-10 부근 교차로모퉁이,1
이곡동 1252-7 부근 횡단보도,1
본리동 166-17 부근,1
대곡동 1103 부근 버스정류소,1
용산동 417 부근 버스정류소,1
본리동 1-14 부근 소화전,1
신당동 1086-7 부근 인도,1
상인동 228-6 인도 침범,1
죽전동 202-3 부근 황색실선,1
상인동 1605 부근 횡단보도 정지선,1
상인동 1332-329 횡단보도 정지선,1
87고9047,1
호산동 714-1 부근,1
본리동 306-7 부근 소화전,1
죽전동 406부근,1
상인동 1537-1 부근,1
용산동 926부근,1
송현동 61-8 부근,1
대곡동 1046 부근,1
진천동 809-79 부근 소화전,1
성당동 567-1 부근 횡단보도,1
성당동 476 부근,1
이곡동 1342-4 부근 인도,1
용산동 504 부근 교차로모퉁이,1
용산동 595-6 부근 교차로모퉁이,1
상인동 1108-8,1
상인동 1108-8 탄력봉 주변,1
신당동 1749 부근 교차로모퉁이,1
상인동 1533 교차로모퉁이,1
이곡동 1203 부근 교차로퉁이,1
용산동 444-9 부근 인도,1
호림동 31 부근 횡단보도,1
월성동 1858 부근,1
도원동 1444 부근,1
용산동 911부근,1
본리동 62-19 부근 인도,1
송현동 산 106-19 부근,1
두류동 116-9 부근 횡단보도,1
용산동 230-11부근,1
송현동 1041-7 부근,1
상인동 585 인도,1
성당동 834 부근,1
본동 957 부근 교차로모퉁이,1
성당동 220-12 부근 인도,1
이곡동 1323-16 부근 인도,1
상인동 127-2 교차로모퉁이,1
이곡동 1189 부근 버스정류소,1
용산동 421-2부근,1
도원동 696-3 부근 횡단보도,1
진천동 620-2 부근 교차로모퉁이,1
송현동 1930-34 부근 횡단보도,1
상인동 247-2 횡단보도,1
진천동 235-11 부근 인도,1
감삼동 605-8 부근 횡단보도,1
신당동 산 39-11 부근 인도,1
대천동 941-3 부근 황색복선,1
유천동 118-4 부근 이중주차,1
대곡동 1023-3 부근 횡단보도,1
죽전동 266-10 교차로모퉁이,1
감삼동 358 부근,1
진천동 246-9 부근 인도,1
두류동 108-12 부근 인도,1
진천동 839-3 부근,1
성당동 338-1 부근 횡단보도정지선,1
장기동 811-5부근,1
이곡동 1254-5 부근 소화전,1
송현동 산 104-4 부근,1
호림동 12-1 부근 인도,1
감삼동 103-3 부근 인도,1
상인동 1504,1
용산동 233-6부근,1
죽전동 218-17부근,1
죽전동 273-27부근,1
죽전동 170-2부근,1
죽전동 170-3부근,1
진천동 496-12 부근,1
상인동 1533-11 부근,1
감삼동 280-7 부근,1
상인동 1552 인도,1
성당동 570-7 부근 교차로모퉁이,1
상인동 877-16 인도침범,1
도원동 763-6 부근,1
진천동 825-15 부근,1
장기동 761-38부근,1
본리동 2-8 부근 교차로모퉁이,1
유천동 46,1
파호동 81 부근 소화전,1
성당동 214-4 부근 인도,1
두류동 1247-32 부근 횡단보도,1
본리동 317-3 부근 횡단보도 정지선,1
본리동 1208-4 부근 인도,1
성당동 479-2 부근,1
성당동 509 부근,1
상인동 1106-1 인도,1
장기동 811-1부근,1
장기동 548-15부근,1
상인동 1525-2 인도 침범,1
대곡동 1088 부근 횡단보도 정지선,1
이곡동 달구벌대로245길,1
신당동 1727 부근 교차로모퉁이,1
호산동 716-18 부근 소화전,1
죽전동 211-13 교차로모퉁이,1
죽전동 374-9 인도,1
진천동 490 부근 인도,1
신당동 1814-15 횡단보도,1
신당동 615-3 인도,1
성당동 639-3 인도,1
성남초등학교 횡단보도,1
이곡동 1356-19 부근 버스정류소,1
대곡동 946 부근 버스정류소,1
용산동 221부근,1
상인동 1529-6 부근,1
두류동 630-17 부근 교차로모퉁이,1
성당동 695-42 부근 횡단보도,1
성당동 393-15 부근 교차로모퉁이,1
신당동 1034-4 부근 소화전,1
상인동 800-9 횡단보도정지선,1
죽전동 270-26부근,1
용산동 413부근,1
송현동 1930-30 부근,1
도원동 1463,1
이곡동 1200 부근 횡단보도,1
송현동 1990-10 부근,1
대천동 341 부근 교차로모퉁이,1
신당동 1842 부근 이중주차,1
장기동 764-19 부근,1
상인동 1527,1
본리동 76-2 부근,1
진천동 290-16  부근,1
월성동 591-3 부근,1
도원동 1454 부근,1
송현동 2041 부근 횡단보도정지선,1
두류동 472-1 부근 교차로모퉁이,1
송현동 1969-23 부근,1
두류동 1108-36 부근 횡단보도,1
인도,1
월성동 1537-2 부근,1
상인동 1467-10 부근,1
상인동 70-2,1
죽전동 220-26 부근 교차로모퉁이,1
성당동 824-39 부근 횡단보도,1
본리동 110-3 부근,1
용산동 208-27 부근 횡단보도,1
송현동 60-4 부근 교차로모퉁이,1
진천동 251-45 부근 황색실선,1
두류동 489-1 부근 도로모퉁이,1
죽전동 219-17 교차로모퉁이,1
도원동 산 127-15 부근 안전지대,1
장기동 813-1 부근 횡단보도 정지선,1
성당동 410-1 횡단보도,1
호림동 13-11 부근 인도,1
상인동 874-1 인도,1
신당동 1793 버스정류소,1
송현동 2014-2 부근 횡단보도정지선,1
감삼동 107-23 부근 인도,1
이곡동 660-4 부근 횡단보도,1
두류동 1192-15 부근 인도,1
진천동 576-4,1
용산동 507-2부근,1
상인동 1470 인도,1
장기동5482부근,1
본리동 444-3 부근 횡단보도정지선,1
장기동 539-1 부근 교차로모퉁이,1
월성동 270 부근 소화전,1
상인동 1552-6 횡단보도정지선,1
호산동 392,1
성당동 636-2 부근 버스정류소,1
월성동 500-3 부근,1
감삼동 560 부근  안전지대,1
감삼동 692-16 부근 인도,1
두류동 1298-1 부근 인도,1
상인동 월곡로53길 11 부,1
죽전동 211-2 횡단보도 정지선,1
죽전동 204-7 횡단보도,1
이곡동 1301-3 부근 인도,1
진천동 808-83 부근 황색실선,1
진천동 545-1,1
두류동 113-17 부근 버스정류소,1
감삼동 206-83 부근 인도,1
도원동 1432-9 부근 횡단보도,1
장기동 359-7 부근,1
용산동 577-1 부근 인도,1
상인동 186-16 횡단보도,1
신당동 1842-8 부근 교차로모퉁이,1
송현동 1914-2 부근 횡단보도정지선,1
도원동 1397-14 부근,1
성당동 671-17 부근 횡단보도,1
용산동 928-1부근,1
두류동 116-20 부근 횡단보도 정지선,1
죽전동 270-28부근,1
죽전동 273-4부근,1
죽전동 280-1부근,1
죽전동 218-7 인도,1
죽전동 278-15 교차로모퉁이,1
유천동 42 부근 횡단보도,1
두류동 619-8 부근 횡단보도,1
두류동 620-5 부근 버스정류소,1
두류동 663 부근 횡단보도,1
이곡동 1246-7 부근 횡단보도,1
신서초등학교 횡단보도,1
본리동 215-5 부근 횡단보도,1
이곡동 1344 부근 횡단보도 정지선,1
성당동 830-29 인도,1
용산동 416-5 부근 횡단보도정지선,1
진천동 825-20 부근,1
감삼동 64-9 부근 인도,1
이곡동 1209 부근 교차로모퉁이,1
용산동 611-30부근 황색복선,1
감삼동 320-7 부근 인도,1
상인동 1421-22 부근,1
도원동 1463-5,1
유천동 542-10 부근,1
죽전동 367-5부근 횡단보도정지선,1
진천동 188-4 부근,1
진천동 290-14 부근,1
진천동 276-2 부근,1
진천동 833-20 부근,1
진천동 836-15 부근,1
상인동 1474 부근,1
진천동 238-21,1
호림동 9-3 부근 횡단보도,1
도원동 1432 부근 교차로모퉁이,1
도원동 1429 부근 인도,1
죽전동 211-2 교차로모퉁이,1
진천동 587 부근,1
송현동 2041 부근 인도침범,1
상인동 1565-1 부근,1
호산동 711-7 부근,1
이곡동 1194 부근 버스정류장,1
본리동 399-1 부근 인도,1
본리동 62-18 부근 인도,1
상원중학교 부근 횡단보도,1
상인동 1458-25 횡단보도 정지선,1
상인동 326-4 인도,1
대천동 457-5 부근 교차로모퉁이,1
본동 949 부근 교차로모퉁이,1
진천동 242-1 부근,1
죽전동 254-15 부근,1
용산동 215-33 부근,1
본리동 88-4 부근 횡단보도,1
도원동 1443부근 횡단보도,1
월성동 1859 부근 횡단보도,1
월성동 500-3 부근 횡단보도,1
대곡동 1075-2 부근 횡단보도,1
도원동 1440 부근 인도,1
죽전동 204-1 인도,1
진천동 839-4 인도,1
성당동 127-6 인도,1
이곡동 1343-1 부근 인도,1
본리동 184-6  부근 횡단보도,1
신당동 산 34-10 부근 안전지대,1
진천동 470-46 부근,1
감삼동 564-1부근 교차로모퉁이,1
용산동 418 부근,1
용산동 862-5 부근,1
감삼동 678 부근 횡단보도,1
송현동 187-8 부근 인도,1
이곡동 1000-221 부근,1
용산동 504 부근 횡단보도,1
장기동 814-2 부근 횡단보도정지선,1
송현동 2006-31 부근,1
송현동 2006-26 부근,1
송현동 2006-18 부근,1
도원동 1463-6 부근,1
대곡동 42-3 부근,1
장기동 846 부근 인도,1
이곡동 1195 부근 교차로모퉁이,1
송현동 226-3 부근 인도침범,1
상인동 1439-2 인도침범,1
본동 927-5 부근 인도,1
두류동 1106-19 부근 횡단보도정지선,1
본리동 193-3부근 횡단보도,1
대천동 349-4 부근 횡단보도 정지선,1
송현동 950 부근 교차로모퉁이,1
두류동 118-37 부근 횡단보도,1
두류동 1198-39 부근 교차로모퉁이,1
죽전동 200-13 부근,1
장기동 1-15 부근 횡단보도,1
월성동 1196 부근,1
월성동 1147-15 부근,1
용산동 215-37 부근 횡단보도정지선,1
도원동 1462-6  부근,1
장기동 811-1 부근,1
월성동 1380 부근,1
죽전동 256-8 부근,1
용산동 929부근 소화전,1
이곡동 1000-357 부근,1
이곡동 1357 부근,1
이곡동 달구벌대로251길,1
상인동 1565-10 인도 침범,1
신당동 1748 횡단보도,1
두류동 618-1 부근 교차로모퉁이,1
두류동 619-9 부근 교차로모퉁이,1
상인동 877-3 인도 침범,1
이곡동 1237,1
장기동 173-18 부근 횡단보도,1
진천동 106-13 부근 횡단보도,1
송현동 1956-31 부근 교차로모퉁이,1
유천동 298-1 부근 횡단보도,1
도원동 1463-1 부근,1
신당동 1748-4 부근 횡단보도,1
대천동 550-1 부근 소화전,1
장기동 848부근 교차로모퉁이,1
호림동 12-2 부근 교차로모퉁이,1
호산동 369-8 부근,1
성당동 654-18 부근 인도,1
상인동 1103-3 인도 침범,1
대곡동 1057-5 부근,1
두류동 631-2 부근 황색실선,1
월성동 192-10 부근,1
월성동 192-9 부근 횡단보도정지선,1
호산초등학교부근,1
용산동 산 4-3 부근 어린이보호구역,1
월성동 270-6 부근 소화전,1
성당동 750-1 부근 횡단보도 정지선,1
성당동 714-3 부근 횡단보도정지선,1
두류동 706-29 부근 횡단보도,1
성당동 714-3 부근 횡단보도,1
성당동 639-3 횡단보도,1
대곡동 1070-1 부근 교차로모퉁이,1
성당동 392-36 인도,1
용산동 856 부근 이중주차,1
본리동 166-17 교차로모퉁이,1
호산동 382 부근 인도,1
본동 957 부근 인도,1
이곡동 1304-1 부근 횡단보도,1
호산동 713 부근 소화전,1
용산동 947-22 부근 인도,1
상인동 1332-290 인도,1
송현동 189-8 부근,1
진천동 32-14 부근 황색복선,1
송현동 195-2 부근,1
상인동 1554-4 부근,1
송현동 534-1 부근,1
대천동 550-41 부근 소화전,1
도원동 1396-331 황색복선,1
송현동 1915-5 부근 인도침범,1
송현동 1026-5 부근 인도,1
두류동 494-4 부근 횡단보도,1
진천동 808-161 부근 인도,1
장기동 411-29 부근 인도,1
장기동 822-15부근 교차로모퉁이,1
상인동 1551-2 부근 버스정류소,1
장기동 826-13부근 인도,1
장기동 822-15부근 인도,1
용산동 970부근 교차로모퉁이,1
송현동 187-3 부근,1
죽전동 251 부근 횡단보도,1
진천동 32-17 부근,1
대곡동 15-4 부근 횡단보도,1
송현동 140-3 부근 인도,1
대곡동 1036 부근 소화전,1
성당동 482-1 횡단보도,1
성당동 460-5 인도,1
성당동 461-5 인도,1
상인동 월배로 168 부근,1
이곡동 1306-1 부근 소화전,1
상인동 259-13 인도,1
용산동962 부근 소화전,1
성당동 829 횡단보도,1
두류동 619-7 부근 인도,1
도원동 1429 부근 횡단보도,1
이곡동 1226 부근 횡단보도정지선,1
감삼동358 부근 교차로모퉁이,1
송현동 956-2 부근,1
본리동 110-6 부근 교차로모퉁이,1
두류동 73-2 부근 인도,1
월성동 192-13 부근 횡단보도정지선,1
두류동 148-5 부근 인도,1
진천동 101-5 부근 황색실선,1
유천동 42 부근,1
본리동 대명천로 153,1
장기동 361-6 부근 횡단보도,1
월배라온프라이빗,1
용산동 593 부근 소화전,1
두류동 631-2 부근 횡단보도 정지선,1
본동 592-3 부근 황색실선,1
감삼동 474 부근 황색실선,1
월성동 777-2 부근,1
송현동 129-5 부근 힝단보도,1
장동 804 부근,1
송현동 226-5 부근 인도,1
도원동 1442 부근 인도,1
도원동 1406-25 부근 인도,1
두류동 486-2 부근 횡단보도,1
두류동 1108-25 부근 인도,1
월성동 77 부근 인도,1
성당동 826-10 부근,1
월성동 363 부근 교차로모퉁이,1
송현동 195-7 부근,1
죽전동 382부근 횡단보도정지선,1
두류동 2346 부근 인도,1
신당동 1761-2 부근 인도,1
죽전동 263-10 부근 소화전,1
용산동 888 부근,1
송현동 530-34 부근,1
송현동 1031-1 부근 인도침범,1
성당동 829-8 부근 황색복선,1
상인동 1441-1 버스정류소,1
상인동 194-1 인도,1
성당동 265-1 인도,1
송현동 1991-1 부근 횡단보도,1
상인동 257-14 인도,1
용산동 991 부근 인도,1
신당동 1749-5 횡단보도,1
신당동 1723-17 횡단보도,1
유천동 191 부근,1
감삼동 196-6 부근 교차로모퉁이,1
송현동 129-5 부근 인도,1
상인동 1551-2부근 횡단보도정지선,1
송현동 월배로97길 51 부,1
월성동 84-5 부근,1
송현동 월배로 408 부근,1
진천동 555-13 부근 횡단보도 정지선,1
대곡동 1059-1 부근,1
유천동 542-47 부근,1
송현동 1914-3 부근 인도,1
두류동 1192-2 부근 횡단보도,1
성당동 725 부근 횡단보도,1
두류동 471-9 부근 교차로모퉁이,1
감삼동 707 부근 인도,1
본리동 647-1 부근 황색실선,1
월성동 819-4 부근 인도침범,1
감삼동 549-8 부근 횡단보도 정지선,1
진천동 106-8 부근,1
진천동 576-14 부근,1
진천동 586-15 부근,1
감삼동 602-2 부근 횡단보도 정지선,1
성당동 639-3 부근 횡단보도정지선,1
용산동 858-13 부근 교차로모퉁이,1
이곡동 1231 부근 횡단보도,1
성당동 392-44 버스정류소,1
장기동 849 부근 횡단보도정지선,1
죽전동 338 부근 횡단보도정지선,1
본리동 1-8 부근 인도침범,1
이곡동 1243 부근 횡단보도정지선,1
상인동 150-16부근 횡단보도정지선,1
용산동 230-5 부근v,1
성당동 263-1 부근 횡단보도정지선,1
성당동 829-23 부근 횡단보도정지선,1
진천동 247-2 부근,1
장기동 811-1 부근 횡단보도정지선,1
용산동 419-5 부근,1
죽전동 382-2 부근 횡단보도정지선,1
송현동 1927-15 부근,1
도원동 612-2 부근,1
성당동 344 부근 인도,1
진천동 467-4 부근,1
유천동 173-3 부근,1
성당동 487-6 교차로모퉁이,1
죽전동 275-7 인도,1
본리동 75-1 부근 모퉁이,1
상원중학교 인도,1
월성동 1190 부근 횡단보도 정지선,1
월성동 1477 부근,1
신당동 1721 소화전,1
이곡동 1202-13 부근 인도,1
신당동 1804 인도,1
이곡동 738-4 부근 인도,1
이곡동 1246-6 부근 인도,1
진천동 490 부근 교차로모퉁이,1
죽전동 270-8 부근 인도,1
성당동 824-82 부근 교차로모퉁이,1
대천동 1039 부근,1
진천동 290-15 부근,1
진천동 253-3 부근,1
죽전동 180-1 부근,1
죽전동 382-2 횡단보도정지선,1
두류동 123-8 부근 교차로모퉁이,1
본동 594-9 부근 황색복선,1
이곡동 1199 부근 황색실선,1
두류동 131-19 부근 횡단보도,1
이곡동 1197 부근 교차로모퉁이,1
송현동 1948-4 부근,1
이곡동 1249 부근 이중주치,1
상인동 1437-5 부근,1
이곡동 1196-7 부근 인도,1
두류동 495-2 부근 인도,1
용화사 건너,1
감삼동 61-5 부근 인도,1
성당동 392-12 인도,1
죽전동 201-1 교차로모퉁이,1
두류동 산 325-1 부근 인도,1
성당동 282 소화전,1
성당동 202-32 횡단보도,1
유천동 605 부근 횡단보도,1
파호동 82-8 부근 교차로 모퉁이,1
성당동 520-20 부근 횡단보도,1
감삼동 281-6 부근 인도,1
감삼동 61-12 부근 인도,1
상인동 246-17 교차로모퉁이,1
도원동 1441-2,1
도원동 1443 부근,1
진천동 815-15 부근,1
진천동 830-10 부근,1
진천동 829 부근,1
도원동 상화로58길 86 부,1
월성동 1865 부근,1
본리동1229 부근 소화전,1
호산동 387-4 부근,1
감삼동 62-4 부근 버스정류소,1
용산동 412-4 부근 어린이보호구역,1
진천동 241-2 부근,1
상인동 1524 부근 교차로모퉁이,1
상인동 1145-115 횡단보도,1
진천동 505-6 부근 교차로모통이,1
상인동 1529-5 인도,1
대곡동 산155-21부근 인도,1
상인동 1554 인도,1
성당동 340 부근 인도,1
이곡동 1243 부근 교차로 모퉁이,1
성당동 829-22 인도,1
상인동 1457-19  횡단보도,1
두류동 1290-1 부근 버스정류소,1
송현동 193-5 부근,1
송현동 207-11 부근,1
성당동 824-82 부근 인도,1
두류동 2346 부근 횡단보도정지선,1
상인동 1439 횡단보도,1
신당동 1844 부근 교차로모퉁이,1
죽전동 406 부근,1
호산동 720-4 부근,1
용산동 412-4 부근,1
송현동 316-2 부근,1
진천동 275-1 부근,1
대천동 461-7 부근 교차로모퉁이,1
월성동 1139-4 부근,1
두류동 114-16 부근,1
송현동 1944-4 부근 인도,1
죽전동 200-5 부근 버스정류장,1
상인동 77-12 황색실선,1
이곡동 1305 부근 어린이보호구역,1
유천동 588-3 부근,1
진천동 586-14 부근 횡단보도,1
죽전동 200-9 인도,1
죽전동 180-11 인도,1
죽전동 278-7 소화전,1
죽전동 278-7 인도,1
본리동 385-1 부근 인도,1
대천동 511-1 부근 인도,1
두류동 1281-13 부근 교차로모퉁이,1
월성동 1533-2 부근 횡단보도,1
송현동 1042-3 부근 인도,1
감삼동 360-4 부근 교차로모퉁이,1
장기동 550-5 부근 횡단보도,1
장기동 550-6 부근 횡단보도,1
용산동 930-11 부근,1
본동 1149-5 부근 횡단보도,1
상인동 1595 부근,1
상인동 1553-4 인도,1
월성동 학산로2길 38 부,1
도원동 1452 부근,1
상인동 1605 부근,1
진천동 482-10 부근,1
용산동 554 부근,1
유천동 300-14 부근,1
유천동 300-6 부근,1
상인동 54-5 인도침범,1
도원동 1432-4 부근,1
죽전동 270-20 부근,1
용산동 462-1 부근 인도,1
상인동 1556-2 교차로모퉁이,1
신당동 1761 부근 횡단보도,1
용산동 998 부근,1
용산동 441 부근,1
죽전동 366-8 부근,1
이곡동 1226 부근 소화전,1
상인동 1177-3부근,1
월성동 1822 부근,1
진천동 808-161 부근,1
본리동 196-1 부근 횡단보도,1
상인동 1527-4  교차로모퉁이,1
성당동 705-7 부근 소화전,1
이곡동 1201 부근 횡단보도정지선,1
두류동 산 326-17 부근,1
용산동 980 부근,1
죽전동 203-6 횡단보도,1
진천동 526-1 부근 황색복선,1
본리동 550-2 부근 인도,1
유천동588-3부근 횡단보도,1
도원동 1427 부근 황색실선,1
신당동 1706-8 교차로모퉁이,1
죽전동 219-16 교차로모퉁이,1
죽전동 277-5 교차로모퉁이,1
신당동 569-1 부근 인도,1
도원동 1443 부근 교차로모퉁이,1
대천동 561-2 부근 교차로모퉁이,1
송현동 55-1 부근 횡단보도,1
진천동 581-5 부근 인도,1
감삼동 599-61 부근 횡단보도,1
이곡동 1202-11 부근 교차로 모퉁이,1
진천동 846 부근 횡단보도,1
두류동 산326-25 부근,1
진천동 830-10 부근 인도,1
진천동 274-1 부근 횡단보도,1
대천동 511-4 부근 인도,1
진천동 654-2 부근,1
상인동 1536-12 부근,1
용산동 612-1 부근,1
상인동 583-128 교차로모퉁이,1
감삼동 21-4 부근 횡단보도,1
상인동 54-5 부근,1
유천동 485-4 부근,1
용산동 946-17 부근,1
진천동 223-31 부근 교차로모퉁이,1
상인동 1531 교차로모퉁이,1
죽전동 219-22 부근,1
성당동 53-1 횡단보도,1
상인동 1403-6 부근,1
월성동 1891 부근,1
대천동 472-4 부근 교차로모퉁이,1
월성동 1340-6 부근,1
성당동 214-4 부근 횡단보도정지선,1
감삼동 667-23 부근 횡단보도,1
장기동812부근,1
대곡동 842 부근,1
상인동 1571-5,1
상인동 1575-2 부근,1
상인동 1579 부근,1
대곡동 1037-4 부근,1
송현동 798-325 부근,1
호림동 31부근 인도,1
용산동 932-7 부근,1
감삼동 24-41 부근,1
감삼동 620-20 부근 인도,1
용산동 958-20 부근 교차로모퉁이,1
진천동 117-1 부근,1
송현동 2007 부근 인도,1
신당동 1815 부근 황색복선,1
송현동 158-12 부근 인도,1
용산동 410-7 부근,1
죽전동 366-10 인도,1
신당동 680 교차로모퉁이,1
호림동 28 부근 교차로 모퉁이,1
죽전동 257-1 부근 인도,1
용산동 950 부근 교차로모퉁이,1
두류동 487-1 부근 횡단보도,1
용산동 934 부근 인도,1
신당동 1804-4 부근 버스정류장,1
용산동 913 부근 인도,1
호림동 15-10 부근 인도,1
상인동 77-12 안전지대,1
월암동 1142 부근,1
두류동 87-36 부근 횡단보도,1
성당동 214-5 부근 횡단보도,1
상인동 1501-1 부근,1
용산동902 부근,1
상인동 1566-1 횡단보도,1
월성동 89-3 부근,1
본동 225-8 부근,1
송현동 1026-6 부근 횡단보도정지선,1
두류동 492-18 부근 황색실선,1
상인동 1103-3,1
감삼동461 부근 횡단보도 정지선,1
감삼동 465-11 부근 안전지대,1
용산동 647-1 부근 횡단보도,1
도원동 1432 부근,1
월성동 1264 부근,1
송현동 1944-11 부근 인도침범,1
신당동 1793-11 부근 황색복선,1
이곡동 1202-14 부근 인도,1
호산동 305-7 부근,1
두류동 638-19 부근 교차로모퉁이,1
대곡동 15-8 부근 횡단보도,1
두류동 117-23 부근 교차로모퉁이,1
송현동 798-7 부근,1
감삼동 61-1 부근 인도,1
두류동 492-18 부근  황색실선,1
신당동 1804-8 부근 교차로모퉁이,1
두류동 778-40 부근 인도,1
월성동 1269-1 부근,1
호림동 14-11 부근 인도,1
성당동 828-14 횡단보도 정지선,1
성당동 828 교차로모퉁이,1
성당동 827 횡단보도 정지선,1
성당동 670-25 횡단보도,1
이곡동 885-8 부근 인도,1
죽전동 220-5 부근 횡단보도,1
감삼동 602-2 부근,1
죽전동 201-6 부근 교차로모퉁이,1
진천동 527-2 부근 황색복선,1
죽전동 219-21 부근 횡단보도,1
본리동 1151-12 부근 횡단보도,1
성당동 714 부근 소화전,1
죽전동 219-16 부근 횡단보도,1
본리동 659-2 부근 교차로모퉁이,1
본리동 145-1 부근 횡단보도,1
송현동 1915-17 부근,1
유천동 300-7 부근,1
유천동 302 부근,1
본리동 550-2 부근 소화전,1
성당동 412-2 부근 인도,1
송현동 1909-28 부근 횡단보도,1
진천동 628-51 부근,1
진천동 284-19 부근,1
진천동 825-6 부근,1
호산동 609-1 부근,1
신당동 1804-9 부근 인도,1
상인동 1475 부근 인도,1
송현동 798-241 부근,1
송현동 2007-4 부근,1
대곡동 731-2 부근,1
대곡동 917-68 부근,1
죽전동 266-10 인도,1
두류동 147-6 부근 인도,1
성당동 281-3 부근 횡단보도,1
신당동 1790-20 부근 인도,1
도원동 1475 부근 횡단보도,1
도원동 1451-4 부근 횡단보도,1
호림동 482-2 부근 인도,1
성당동 461-5 부근 소화전,1
용산동 950-6 부근 횡단보도,1
월성동 1818 부근,1
성당동 825-20 부근 인도,1
성당동 490-3 부근 횡단보도,1
두류동 484-17 부근 소화전,1
이곡동 1248 부근 횡단보도,1
진천동 496-11 부근,1
성당동 655-1 부근 인도,1
송현동 183-12 부근,1
송현동 139-4 부근,1
이곡동 1196 부근 인도,1
죽전동 256-7 부근,1
유천동 488 부근,1
두류동 825-26 부근 교차로모퉁이,1
장기동848 부근,1
용산동 268-5 부근,1
송현동 950-9 부근,1
호산동 350 부근,1
본리동 1234 부근 교찰모퉁이,1
본리동 1234 부근 교차로모퉁이,1
유천동 595  부근,1
진천동 587-1 부근,1
대천동 467 부근 인도,1
용산동 946-11 부근 인도,1
감삼동 182-6 부근 소화전,1
장기동 811-7 부근 횡단보도 정지선,1
대천동 577-59 부근 인도,1
용산동 417 부근,1
상인동 1161-3 부근,1
본동 720-1 부근 횡단보도,1
용산동 230-5부근 횡단보도정지선,1
호산동 711-1 부근 교차로모퉁이,1
신당동 1272-4 부근 인도,1
대곡동 1101-1 부근,1
두류동 113-17 부근,1
감삼동 582-5 부근 횡단보도,1
이곡동  1221 부근 횡단보도,1
성당동 828-14 부근 황색실선,1
대천동 457-5 부근,1
감삼동 102-8 부근 인도,1
두류동 114-16 부근 횡단보도,1
송현동 530-34 부근 횡단보도,1
감삼동 476-6 부근 인도,1
죽전동 200-11 부근 인도,1
장기동 816-5 부근 횡단보도,1
성당동 338-1 부근,1
송현동 2008-33 부근 인도,1
성당동 829-20 부근 인도,1
이곡동 1300-1 부근 인도,1
용산동 958 부근 황색실선,1
장기동 564-1 부근 인도,1
본리동 359-1 부근 인도,1
두류동 473-11 부근 인도,1
죽전동 산 66-1 부근 교차로모퉁이,1
감삼동 563-5 부근 횡단보도,1
감삼동 62-10 부근 소화전,1
호림동 13-11 부근 횡단보도,1
대곡동 1029 부근,1
진천동 554-4 부근,1
성당동 54-3 부근 횡단보도,1
진천동 79-18 부근,1
상인동 134 부근,1
본리동 75-1 부근 황샐실선,1
상인동 180-8 횡단보도정지선,1
장기동 551-3 부근,1
본리동 110-8 부근 인도,1
상인동 196-18 부근,1
진천동 264-1 부근,1
본리동 1207-5 부근 횡단보도,1
송현동 798-388 부근 인도침범,1
신당동 1761-9 부근 인도,1
본리동 1151 부근 횡단보도 정지선,1
월성동 674-9 부근 황색실선,1
진천동 595-57 부근,1
상인동 1332-17 황색복선,1
상인동 1440-5 교차로모퉁이,1
두류동 산 326-17 부근 안전지대,1
본리동 88-4 부근 횡단보도 정지선,1
성당동 728-6 부근 인도,1
성당동 281-5 부근 횡단보도,1
본리동 317-3 부근,1
두류동 779-28 부근 인도,1
두류동 101-16 부근 인도,1
송현동 2006-31 부근 교차로모퉁이,1
죽전동 379-11 부근,1
두류동 150-6 부근 인도,1
용산동 933-3 부근,1
유천동 517-5 부근,1
진천동 243-6 부근,1
도원동 1464 부근 횡단보도 정지선,1
상인동 229 인도,1
성당동 482-1 부근 횡단보도정지선,1
도원동 574-8 부근 횡단보도,1
도원동 574-9 부근 인도,1
본리동 1152 부근 버스정류장,1
본리동 74-1 부근 인도,1
본리동 395-3 부근 인도,1
월배중학교건너 버스정류소,1
상인동 1401-4 인도,1
상인동 1553 횡단보도정지선,1
죽전동 270-29 부근,1
송현동 798-2 부근,1
장기동 31-6 부근,1
본동 611-5 부근,1
상인동 314-9 부근,1
진천동 562-2 부근,1
상인동 1421-3 부근,1
월성동 1255 부근,1
죽전동 88-2 부근,1
상인동 1522 정지선 침범,1
장기동 137-9 부근,1
감삼동 140-13 부근 인도,1
두류동 627-1 부근 교차로모퉁이,1
용산동9313부근,1
이곡동 663-8 부근 인도,1
본리동 352-1 부근 인도,1
진천동 645-4 부근,1
송현동 2011 부근,1
두류동 487-22 부근 어린이보호구역,1
진천동 656-8,1
월성동 1351 부근,1
진천동 106-5 부근,1
유천동 542-45 부근,1
도원동 1468 부근 교차로모퉁이,1
송현동 2015-9 부근,1
성당동 308 부근 인도,1
성당동 829-15 부근,1
두류동 산 325-1 부근,1
유천동 500 부근,1
진천동 558-2 부근,1
상인중학교 부근,1
상인동 1551-2 황색 복선,1
진천동 829-8 부근,1
진천동 694-7  부근,1
54더8660,1
용산동 367-2 부근,1
용산동 367-13 부근,1
진천동 604-17,1
용산동 230-20 부근 횡단보도정지선,1
상인동 1332-17 횡단보도정지선,1
죽전동 180-14 부근,1
죽전동 366-14 부근,1
신당동 1723-16 부근 인도,1
진천동 49-11 부근,1
대천동 1045 부근 횡단보도 정지선,1
진천동 508 부근,1
성당동 489-28 부근 인도,1
상인동 620 교차로모퉁이,1
월촌초등학교,1
유천동 344 부근,1
용산동 230-18 부근,1
상인동 730-4 인도침범,1
월성동 1837 부근 횡단보도정지선,1
두류동 547 부근 교차로모퉁이,1
본동 901-1 부근,1
상인동 1401-1 부근,1
진천동 57-11 부근,1
용산동 426 부근,1
용산동 493-4 부근,1
진천동 109-3 부근,1
상인동 1514,1
진천동 275-2 부근,1
송현동 530-16 부근,1
상인동 253-4 인도,1
성당동 278-1 부근 인도,1
성당동 163-4 부근 교차로모퉁이,1
죽전동339  부근 횡단보도정지선,1
성당동 155-9 부근,1
성당동 155-1 부근 버스정류소,1
이곡동 1198 부근,1
용산동 960 부근 인도,1
이곡동 1245 부근 황색실선,1
감삼동 305-1 부근 황색실선,1
두류동 618-12 부근 횡단보도,1
송현동 2028,1
호산동 707-2 부근 소화전,1
감삼동 139-2 부근 황색실선,1
도원동 1466 부근 횡단보도,1
장기동 539-1 부근,1
죽전동 256-9 부근 인도,1
두류동 2347 부근 인도,1
대곡동 39-31 부근 인도,1
진천동 559-2 부근,1
상인동 874-1 부근,1
두류동 547 부근,1
이곡동 1197 부근 횡단보도정지선,1
두류동 115-7 부근,1
진천동 239-17 부근,1
상인동 1502-1 부근,1
성당동 429-8 부근 인도,1
상인동 1528-4,1
진천동 15-6 부근,1
성당동 280-1 부근 횡단보도,1
성당동 280-3 부근 인도,1
본리동 672-2 부근 횡단보도,1
월성동 803-5 부근,1
월성동 1310 부근,1
상인동 1536  부근,1
월성동 1262-1 부근,1
월성동 1557-6 부근,1
월성동 1147-15,1
진천동 239-5 부근,1
장기동 548-2 부근 이중주차,1
두류동 532-2 부근 인도,1
대천동 조암남로 123 부,1
진천동 244-6 부근,1
덕인초등학교부근,1
용산동 444-11 부근,1
대곡동 1070-1 부근,1
상인동 1521-1 부근,1
도원동 1462-7 부근,1
상인동 1573-4 부근,1
송현동 103-6 부근,1
본리동 424-3 부근 버스정류소,1
호림동 10-5 부근 횡단보도,1
상인남네거리 부근,1
신당동 1788-11 부근 버스정류소,1
진천동 36-18 인도,1
유천동 517-6 부근 횡단보도,1
두류동 1249-7 부근 소화전,1
대곡동 1150 부근  인도,1
본리동 1151-30 부근 소화전,1
이곡동 1347-12 부근 횡단보도,1
본동 752 부근 인도,1
진천동 45-1 인도,1
송현동 193-1 부근,1
두류동 2345-1 부근,1
본동 706 부근,1
송현동1991-9 부근,1
장기동 848부근 횡단보도정지선,1
장기동 12-17 부근,1
용산동 614-3 부근 횡단보도정지선,1
송현동 314 부근,1
두류동 663 부근 인도,1
본리동 424-3 부근 횡단보도,1
도원동 1462-2 부근,1
장기동 538-5 부근,1
월성동 1141-10,1
송현동 60-13 부근,1
상인동 1572-9 인도침범,1
도원동 595 부근,1
대천동 935 부근 황색복선,1
상인동 438-4 부근,1
호산동 717 부근,1
송현동 2007-12 부근 인도침범,1
두류동 613-13 부근 교차로모퉁이,1
진천동 535-2 부근,1
장기동 46-4 부근,1
본리동 648-3 부근 황색실선,1
송현동 1948-7 부근 인도,1
신당동 1804-9 부근 교차로모퉁이,1
두류동 132-31 부근 횡단보도,1
상원초등학교 어린이보호구역,1
신당동 1679-7 부근 횡단보도,1
성당동 490-8 부근 인도,1
유천동 375-6 부근 인도,1
성당동 265-1 부근,1
진천동 242-10 부근 인도,1
두류동 1106-14 부근 버스정류소,1
월성동 84 부근 버스정류소,1
성당동 714-3 부근 교차로모퉁이,1
성당동 714-3 부근 소화전,1
송현동 1932-5 부근 인도침범,1
상인동 1421-6 인도침범,1
상인동 1421-22 인도 침범,1
송현동 283-1,1
상인동 1557 교차로모퉁이,1
용산동 455-9 부근,1
감삼동 682-17 부근 횡단보도,1
송현동 1958-8 부근,1
신당동 1737 부근 횡단보도,1
신당동 1721 부근 인도,1
상인동 1453-9 인도,1
도원동 574-9 부근 횡단보도 정지선,1
도원동 1464 부근 횡단보도 정지선 침범,1
송현동 1967-6 부근,1
상인동 1600 교차로모퉁이,1
감삼동 105-1 부근 횡단보도,1
송현동 187-2 부근 인도,1
성당동 485-1 부근 교차로모퉁이,1
두류동 620-3 부근 인도,1
송현동 56-2 부근,1
대천동 1042 부근 횡단보도 정지선,1
성당동 827 부근,1
감삼동 473-5 부근,1
월촌고가교 부근,1
송현동 226-7 부근,1
대천동 550-31 부근 인도,1
죽전동 373-8 부근 횡단보도,1
용산동 902-2 부근,1
진천동 809-88 부근,1
본리동 1-1 부근 인도,1
두류동 638-19 부근 인도,1
신당동 1793-26 부근 이중주차,1
두류동 1108-37 부근 횡단보도,1
성당동 280-3 부근 교차로모퉁이,1
상인동 상인로 117 부근,1
송현동 1950-9 부근,1
송현동 1949-5 부근,1
송현동 1950-20 부근,1
두류동 480-17 부근 인도,1
성당동 825-28 부근 인도,1
이곡동 1257 부근 횡단보도정지선,1
송현동 199-3 부근 횡단보도정지선,1
송현동 2003 부근,1
장기동 548-15 부근 인도침범,1
상인동 1527  부근,1
두류동 477-3 부근 횡단보도,1
진천동 829 부근 인도,1
두류동 778-39 부근 버스정류소,1
월성동 1257-4 부근,1
감삼동 678-12 부근,1
상인동 1600 부근,1
송현동 1945-2 부근 횡단보도,1
죽전동 256-17 부근 인도,1
월성동 1419 부근 횡단보도,1
월성동 1425 부근 인도,1
상인동 1536 인도,1
도원동 768-1 부근 횡단보도,1
본리동 83-13 부근 인도,1
두류동 476-19 부근 인도,1
송현동 1930-30 부근 인도,1
두류동 159-73 부근 버스정류소,1
두류동 597-4 부근 인도,1
두류동 559-2 부근 교차로모퉁이,1
대곡동대진초등학교부근,1
호산동 717 부근 인도,1
죽전동 339-3 부근,1
장기동 849 부근 횡단보도 정지선,1
성당동 380-3 부근 인도,1
두류동 828-57 부근,1
진천동 809-77 부근 인도,1
진천동 289-14 부근,1
송현동 289-14 부근,1
장기동 131 부근,1
상인동 252-26 부근,1
월성동 1374-2 부근,1
송현동 798-4 부근,1
대곡동 1146 부근,1
월성동 1495 부근,1
상인동 1521 부근,1
본리동 359-3 부근 인도,1
송현동 1968-4 부근,1
감삼동 473-5 부근 인도,1
용산동 955 부근 황색복선,1
월성동 1847,1
두류동 638-19 부근 횡단보도 정지선,1
대천동 536-4 부근 인도,1
성당동 성당로21길,1
송현동 2007-12,1
호산동 357-69 부근,1
두류동 840-160 부근 횡단보도,1
성당동 479-2 부근 교차로모퉁이,1
성당동 481-2 부근 황색실선,1
성당동 481-2 부근 이중주차,1
진천동 231-1 부근,1
두류동 파도고개로 145,1
본동 구마로 184,1
월성동 279 부근,1
상인동 818 부근 횡단보도 정지선,1
선원초등학교부근,1
진천동 106-7 부근,1
본리동 154-1 부근 인도,1
본동 770-2,1
송현동 산 104-6,1
진천동 809-70 부근,1
용산동 931-3 부근,1
송현동 2006-9,1
본리동 와룡로14길 8,1
대천동 349-4 부근 황색실선,1
상인동 1475 부근,1
진천동 782-3 부근,1
진천동 96 부근,1
진천동 231-2 부근,1
유천동 266-1 부근,1
진천동 49-19 부근,1
상인동 1460-15 부근,1
용산동 230-24 부근 횡단보도 정지선,1
장기동 26-58 부근,1
대천동 528-1 부근 인도,1
감삼동 456-7 부근 교차로모퉁이,1
감삼동 465-12 부근 교차로모퉁이,1
상인동 1332-100 부근,1
죽전동 211-1 부근,1
월성동 1859 부근,1
823너7868 부근 황색실선,1
상인동 171-1 횡단보도정지선,1
상인동 585 부근,1
상인동 1563 교차로모퉁이,1
진천동 상화로3길 17 부,1
본리동 336 부근 횡단보도정지선,1
상인동 1606 황색복선,1
신당동 1721-11  부근 인도,1
송현동 798-246 부근 인도침범,1
진천동 618-8 부근,1
성당동 대명천로21길 10,1
신당동 1793-24 부근 이중주차,1
송현동 220-2 부근 인도침범,1
송현동 송현로2길 64 부,1
상인동 상원로 72-7,1
월성동 1178-2 부근,1
신당동 1744-1 부근,1
장기동 160-8 부근,1
송현동 2036 부근 횡단보도,1
송현동 1912 부근 인도,1
유천동 309 부근,1
신당동 1674 부근 횡단보도정지선,1
상인동 1536,1
성당동 635-4 부근 인도,1
상인동 1573-4,1
성당동8298 부근 인도,1
송현동 2006-11 부근,1
장기동 817-1 부근,1
감삼동 490-4 부근 인도,1
용산동 955 부근,1
대천동 445-1 부근 인도,1
본리동1-14 부근,1
본리동1-14  부근,1
본리동 402-2 부근 인도,1
두류동 131-22 부근 버스정류소,1
도원동 973-12 부근,1
성당동 381-3 부근,1
성당동 281-5 부근 인도,1
성당동 381-4 부근 인도,1
상인동 257-12 부근,1
장기동 813-1 부근 인도,1
상인동 1477-2 횡단보도,1
송현동 2007 부근 횡단보도정지선,1
대천동 513 부근 인도,1
본리동 403-1 부근 인도,1
신당동 1688 부근 교차로모퉁이,1
이곡동 1000-155 부근 인도,1
용산동 221 부근 횡단보도,1
두류동 560-2 부근 교차로모퉁이,1
대천동 341 부근 인도,1
본리동 360-1 부근 교차로모퉁이,1
본리동 360-1 부근,1
송현동 950 부근,1
성당동 825-14 부근 횡단보도,1
신당동 1761-7 부근 인도,1
장기동 814-1 부근,1
진천동 57-20 부근,1
상인동 1550-9 부근,1
대천동 577-25 부근,1
성당동 380-1 부근 인도,1
이곡동 1202-19 부근 인도,1
이곡동 1202-17 부근 인도,1
상인동 1332-445 교차로모퉁이,1
성당동 714 부근,1
신당동 1790-9 부근 횡단보도,1
월성동 1455 부근,1
월성동 1551 부근 횡단보도정지선,1
월성동 1141-10 부근 횡단보도정지선,1
감삼동 702 부근,1
대곡동 778-6 부근,1
이곡동 1000-157 부근 인도,1
장기동 50-1 부근,1
도원동 1465 부근,1
송현동 195-1 부근,1
대천동 463 부근 인도,1
두류동 달구벌대로 1728,1
월성동 283-1 부근,1
이곡동 1242-9 부근 횡단보도,1
이곡동 1250-5 부근 인도,1
송현동 1931-25 부근,1
신당동 1790 부근 교차로모퉁이,1
진천동 95-17 부근,1
상인동 460-4 부근,1
본리동 660-2 부근 황색실선,1
성당동 307-1 부근 횡단보도정지선,1
신당동 1786-19 부근 횡단보도정지선,1
도원동 산 127-9 부근,1
월성동1146-11 부근,1
송현동 142-2 부근 인도침범,1
송현동 142-2 부근,1
감삼동499-3 부근,1
월성동 1349-2 부근,1
진천동 월배로 131-5 부,1
송현동 1914-3 부근,1
상인동 1546-4 부근,1
상인동 586 부근,1
갈산동 976-2 부근 교차로모퉁이,1
신당동 1833-6 부근 인도,1
장기동 846 부근 횡단보도 정지선,1
수목원제일풍경채 부근,1
신흥초등학교부근,1
이곡동 1302 부근 횡단보도,1
죽전동 341 부근 황색복선,1
두류동 82-3 부근 인도,1
진천동 79-5 부근 소화전,1
용산동 444-10 부근 교차로모퉁이,1
용산동 444-10 부근 횡단보도,1
상인동 196-14 인도 침범,1
성당동 832 부근 버스정류장,1
상인동 87 횡단보도 정지선,1
두류동 145-21 부근 횡단보도,1
상인동 1478 인도,1
두류동 145-26 부근 교차로모퉁이,1
대천동 463-1 부근 인도,1
상인동 196-18 인도,1
본동 938 부근 횡단보도,1
호림동 10-14 부근 인도,1
호림동 11-17 부근 소화전,1
호림동 11-10 부근 인도,1
상인동 1470 부근,1
죽전동 278-12 부근,1
유천동 124-3 부근 인도침범,1
유천동 120-3 부근 인도침범,1
이곡동 1199 부근 이중주차,1
월성동 192-12 부근,1
이곡동 1177 부근 횡단보도,1
두류동 635-10 부근 횡단보도 정지선,1
용산동 948 부근,1
송현동 1931 부근,1
용산동 367-1 부근,1
두류동 100-1 부근 인도,1
본동 225-7 부근 교차로모퉁이,1
진천동 586-1 부근,1
본동 225-1 부근 소화전,1
진천동 574-1 부근,1
신당동 1818-6 부근 이중주차,1
호산동 357-80 부근,1
호산동 357-60 부근,1
상인동 1572 횡단보도정지선,1
성당동 390-11 부근 횡단보도,1
월성동 78 부근,1
대곡동 1077 부근,1
용산동 396 부근,1
성당동 263-5 부근 인도,1
본리동 374-1 부근 횡단보도정지선,1
성당동 221-3 부근 인도,1
상인동 상화로51길 6-1,1
본리동 306-7 부근 인도,1
용산동 238-10 부근,1
이곡동 1336-7 부근 횡단보도,1
상인동 1566-9 부근,1
진천동 839  부근,1
상인동 745 부근,1
두류동 1106-20 부근 인도,1
성당동 826-10 부근 횡단보도,1
성당동 826-10 부근 인도,1
송현동 2007-13 부근 횡단보도,1
대곡동 1088 부근,1
송현동 1920-10 부근,1
송현동 1958-6 부근,1
상인동 806 부근,1
송현동 1900-3 부근,1
장기동 109-4 부근,1
상인동 1527-4 교차로모투이,1
월성동 1847 부근 횡단보도정지선,1
대곡동 1163 부근,1
상인동 1502-1 횡단보도정지선,1
감삼동 553-8 부근 교차로모퉁이,1
진천동 846 부근,1
감삼동 563-3 부근 인도,1
본리동 1220 부근,1
본동 959-1 부근,1
진천동 622-3 부근,1
성당동 395-14 부근,1
송현동 2008-33 부근,1
본동 745-6 부근,1
삼일병원네거리,1
상인롯데시네마부근,1
본리동 76-4 부근,1
신당동 1812 부근,1
진천동 833-22 부근,1
진천동 833-21 부근,1
두류동 117-23 부근,1
본리동 379-2 부근 인도,1
송현동 1908 부근,1
신당동 1842-1 부근 대각주차,1
상인동 월곡로 251 부근,1
대곡동 1103 부근,1
용산동 615 부근,1
장기동 3-12 부근,1
월성동 1438-6 부근,1
상인동 1577-5 부근,1
상인동 1580-1 횡단보도정지선,1
송현동 2015-31 부근,1
용산동 958-8 부근,1
신당동 1749-4 부근 인도,1
월성동 192-13 부근,1
월성동 163-5 부근,1
월곡초등학교 횡단보도정지선,1
본리동 351-1 부근 인도,1
감삼동 573 부근 횡단보도,1
대곡동 1021-1부근 횡단보도 정지선,1
월성동 1900 부근 횡단보도 정지선,1
죽전동 373-12 부근 인도,1
월성동 1541-3 부근,1
월성동 588-5 부근 황색실선,1
도원동 952-1 부근 인도,1
월성동 1834 부근 황색실선,1
월성동 1834 부근 교차로모퉁이,1
유천동 조암남로 182 부,1
두류동 1210-56 부근 인도,1
송현동 1931-17 부근,1
상인동 1401-11 부근,1
진천동 79-27 부근,1
진천동 545-22 부근,1
용산동 965 부근,1
두류동 746-2 부근 횡단보도,1
신당동 321-92 부근 인도,1
신당동 321-93 부근 인도,1
두류동 745-5 부근 인도,1
이곡동 902-4 부근 인도,1
본동 717-1 교차로모퉁이,1
도원동 934-1 부근,1
송현동 1945-17 부근,1
상인동 1332-290 부근,1
상인동 1512 부근,1
대천동 555 부근 이중주차,1
송현동 194-3 부근,1
본리동 64-5 부근 인도,1
감삼동 663 부근 횡단보도,1
대곡동 1117 부근,1
성당동 392-55 부근 이중주차,1
유천동 126-1 부근,1
용산동 914 부근,1
신당동 1677-17 부근 횡단보도,1
도원동 612 부근,1
장기동 566-11 부근,1
이곡동 100-261 부근 소화전,1
진천동 808-27 부근,1
죽전동 374-11 부근,1
진천동 264-12 부근,1
용산동 208-27 부근,1
송현동 1948-23 부근,1
신당동 1723-10 부근 인도,1
송현동 61-15 부근,1
성당동 659-2 부근 인도,1
진천동 월배로 131,1
송현동 229-4 부근,1
26버6158,1
진천동 238-16 부근,1
신당동 1677-17 부근 인도,1
진천동 251-45 부근,1
두류동 산 302-11 부근 버스정류소,1
진천동 602 부근 횡단보도 정지선,1
상인동 326-4 부근,1
두류동 493-7 부근 황색실선,1
진천AK아파트정문,1
성당동 824-55 부근 인도,1
성당동 126-35 부근 횡단보도,1
본리동 420 부근 인도,1
용산동 611-30 부근 횡단보도 정지선,1
상인동 228-26 부근,1
본동 학산로19길 84 부근,1
유천동 615 부근,1
성당동 208-8 부근 소화전,1
신당동 1762 부근 버스정류장,1
이곡동 909-3 부근 인도,1
성당동 714-3 부근 황색복선,1
상인동 196-12 인도,1
본리동 1152 부근 부근 교차로모퉁이,1
상인동 상인서로 60 부근,1
진천동 658 부근 인도,1
본리동 75-1 부근 인도,1
용산동 856 부근 황색복선,1
죽전동 277-1 부근 인도,1
감삼동 657-12 부근 인도,1
감삼동 198-4 부근 횡단보도,1
용산동 215-37 부근,1
감삼동 564-8 부근,1
성당동 584-5 부근 횡단보도,1
신당동 1784-14 부근 인도,1
송현동 산 101-4 부근,1
송현동 194-3 부근 인도,1
호림동 18 부근,1
용산동 593 부근,1
감삼동 707 부근,1
상인동 1591 부근,1
도원동 1436-1 부근,1
용산동 982 부근,1
죽전동 211-2 부근 횡단보도,1
송현동 1041-7 부근 인도침범,1
월성동 1832 부근,1
성당동 429-1 부근 인도,1
대곡동 1029-2 부근,1
상인동 1512 횡단보도 정지선,1
진월초등학교부근,1
진천동 244-5 부근,1
상인동 1443-5 부근,1
진천동 86-5 부근,1
도원동 1442-2 부근,1
본리동 405-3 부근 황색실선,1
상인동 월배로 168,1
용산동 946-16 부근,1
송현동 산 104-6 부근,1
성당동 485-3 부근 인도,1
장기동 562-3 부근,1
성당동 산 212-4 부근 인도,1
성당동 280-1 부근 인도,1
용산동 977 부근 횡단보도 정지선,1
죽전동 69-5 부근 소화전,1
대천동 555-4 부근 소화전,1
상인동 152-2 인도 침범,1
성당동 670-20 부근 인도,1
장기동 821-12 부근,1
송현동 1909-22 부근,1
상인동 1565 부근,1
용산동 915 부근 횡단보도 정지선,1
상인동 상원로11길 52 부,1
상인동 상원로 56-1,1
이곡동 1187-7 부근 인도,1
용산동 507-2 부근,1
감삼동 682-12 부근,1
용산동 927-1 부근,1
이곡동 1243 부근  황색실선,1
이곡동 1338-8 부근 교차로모퉁이,1
상인동 1332-292 부근,1
상인동 1574 부근,1
이곡동 1189 부근 횡단보도,1
송현동 798-243 부근,1
진천동 470-38 부근,1
진천동 247-3 부근,1
상인동 1332-432 부근,1
신당동 1677-16 부근 인도,1
본동 734-1 부근 인도,1
상인동 1443-5 횡색실선,1
송현동 1041-1 부근 인도침범,1
진천동 245-3 부근,1
본동 1006-2 부근 인도,1
송현동 144-2 부근,1
송현동 중흥로16길 43-1,1
송현동 500-20 부근,1
송현동 107 부근,1
상인동 518-5 부근,1
감삼동 482-3 부근,1
성당동 666-1 부근 횡단보도,1
월성동 1427-21 부근 횡단보도,1
월성동 1424 부근 횡단보도,1
감삼동 65-10 부근 인도,1
성당동 832 부근,1
상인동 890 교차로모퉁이,1
본리동1151-31 부근 인도,1
진천동 555-5 부근 횡단보도,1
상인동 730-4 인도 침범,1
장기동 362-33 부근 인도,1
성당동 643-8 부근 인도,1
진천동 522-6 부근 교차로모퉁이,1
월성동 1196 부근 인도침범,1
월성동 1196-3 부근,1
죽전동 274-4 부근 횡단보도정지선,1
상인동 1431 도로모퉁이,1
유천동 542-44,1
용산동 919 부근 소화전,1
송현동 158-5 부근,1
두류동 1106-19 부근,1
교대부설초교부근,1
본동 832 부근 교차로모퉁이,1
상인동 1478 부근,1
상인동 1522-1 부근,1
장기동 550-1 부근 횡단보도 정지선,1
본동 1031 부근 버스정류소,1
신당동 682-30 부근 교차로모퉁이,1
진천동 214-2 부근,1
월성동 1539-11 부근,1
두류동 630-17 부근 소화전,1
감삼동 360 부근 횡단보도 정지선,1
용산동 454 부근,1
월촌초등학교 부근,1
진천동 400-2 부근,1
용산동 934 부근,1
송현동 61-9 부근 인도,1
도원동 1437-5 부근,1
도원동 1395-10 부근,1
월성동 성서공단로 346,1
두류동 640-4 부근 교차로모퉁이,1
송현동 2007-3 부근 횡단보도정지선,1
감삼동 599-1 부근,1
송현동 189-6 부근,1
상인동 184 부근,1
송현동 1968-6 부근,1
상인동 1145-27 부근,1
이곡동 1246 부근 인도,1
상인동 1559 횡단보도정지선,1
상인동 1517 부근,1
상인동 70-3 부근,1
상인동 1551 부그,1
상인동 1565-10 부근,1
호산동 347 부근,1
신당동 1731-5 부근 인도,1
대곡동 19-45 부근 횡단보도 정지선,1
상인동 583-128,1
상인동 1443-5 황색실선,1
성당동 392-55 부근 횡단보도,1
장기동 539-2 부근,1
월성동 1540-4 부근,1
본리동 145 부근 교차로모퉁이,1
성당동 대명천로 45 부근,1
성당동 392-28 부근,1
용산동 881부근 어린이보호구역,1
월성동 1837 부근,1
감삼동 565-6 부근 횡단보도,1
죽전동 278-7 부근 소화전,1
월성동 572 부근,1
성당동 705-6 부근 인도,1
용산동 215-29 부근,1
대곡동 947 부근,1
감삼동 682-21 부근,1
도원동 1436-2 부근,1
상인동 583-84,1
유천동 374-2 부근,1
죽전동 278-6 부근,1
송현동 1919-5 부근,1
죽전동 274-11 부근 소화전,1
죽전동 278-1 부근,1
본동 751 부근 인도,1
이곡동 1215 부근 인도,1
용산동 959-1 부근,1
대천동 1035 부근 어린이보호구역,1
두류동 2347 부근,1
신당동 1668-7 부근 횡단보도,1
상인동 193-3 인도침범,1
감삼동 564-9 부근 교차로모퉁이,1
진천동 490-39 부근,1
감삼동 435-8 부근 횡단보도 정지선,1
용산동 성지로14안길 20,1
진천동 49-4 부근,1
감삼동 68-4 부근 인도,1
월성동 1407-7 부근,1
본동 717-1 부근 횡단보도정지선,1
대천동 조암남로32길 20,1
대천동 조암남로32길 22,1
송현동 1031-1 부근,1
진천동 740-1 부근,1
본리동 2-2 부근 인도,1
상인동 1604 교차로모퉁이,1
장기동 811-6 부근,1
이곡동 1306-6 부근 인도,1
대곡동 1157 부근,1
본동 687 부근 인도,1
본리동 378-1 부근 인도,1
성당동 536-2 부근 교차로모퉁이,1
송현동 165-9 부근,1
장기동762 부근 인도,1
성당동 64 부근 교차로모퉁이,1
이곡동 1203  부근 인도,1
감삼동 605-8 부근 횡단보도 정지선,1
월성동 1823 부근 인도침범,1
성당동 395-14 부근 횡단보도,1
진천동 604-1 모퉁이,1
송현동 314 모퉁이,1
상인동 1551-2  부근,1
대곡동 19-45 횡단보도 정지선,1
송현동 78-3 교차로 모퉁이,1
진천동 223-31 소화전,1
진천동 604-17 부근,1
도원동 1447 부근,1
진천동 526-1 부근,1
상인동 1332-329 황색복선,1
이곡동 1317 부근 인도,1
송현동 1909-27 부근 횡단보도,1
상인동 1517-1 부근 횡단보도,1
유천동 98 부근,1
성당동 53-23 부근 인도,1
대곡동 1165 부근 횡단보도 정지선,1
신당동 455 부근 인도,1
성당동 536-2 부근 인도,1
상인동 1514 부근,1
진천동 744-10 부근,1
월성동 500-12 부근 인도침범,1
상인동 1507 부근,1
진천동 553-5 횡단보도,1
진천동 829-3 부근,1
상인동 1443-5 교차로모퉁이,1
도원네거리 부근,1
용산동 917 부근,1
대곡동 46-1 부근,1
용산동 914 부근 횡단보도 정지선,1
월성동 1412 부근 교차로모퉁이,1
성당동 826-9 부근 인도,1
